country,quintile,label,quintile_code,unweighted_n,weighted_denominator,anc1_rate,anc4_rate,institutional_delivery_rate,overall_anc1_rate,overall_anc4_rate,overall_institutional_delivery_rate,factor_anc1_rate,factor_anc4_rate,factor_institutional_delivery_rate,population_share
Ethiopia,q1_poorest,Q1 poorest,1,5032,3069.82485,0.5397183336321234,0.24308926295466932,0.26147228820311996,0.7770396752651272,0.5252270449628758,0.5967930110308624,0.6945827231382627,0.46282701031103873,0.43812893812457576,0.2370235358808399
Ethiopia,q2_poor,Q2 poorer,2,2474,2488.630185,0.7405070858167303,0.40692615110490826,0.4573802074525609,0.7770396752651272,0.5252270449628758,0.5967930110308624,0.9529849110524093,0.7747623718303971,0.7663967221441005,0.1921490491382558
Ethiopia,q3_middle,Q3 middle,3,1843,2374.6508479999998,0.7927836887950344,0.5086216107377898,0.5651889392192736,0.7770396752651272,0.5252270449628758,0.5967930110308624,1.02026153107888,0.9683842742213328,0.9470434954373914,0.18334861693343674
Ethiopia,q4_richer,Q4 richer,4,1750,2550.29466,0.8763492311487597,0.6381550591715667,0.7823644495837676,0.7770396752651272,0.5252270449628758,0.5967930110308624,1.12780500023985,1.2150079956691358,1.3109477408798085,0.19691021064319822
Ethiopia,q5_richest,Q5 richest,5,2361,2468.1607379999996,0.9464075398759845,0.828536268657203,0.9416602161862907,0.7770396752651272,0.5252270449628758,0.5967930110308624,1.2179655299493797,1.5774821129322574,1.5778673657047804,0.1905685874042694
Ghana,q1_poorest,Q1 poorest,1,3034,2019.9661999999998,0.9559702464877314,0.7885276311471404,0.7139465461712234,0.9818491605580607,0.8848220368293279,0.8624377662557501,0.9736426784175073,0.8911708776747368,0.8278238431867412,0.23671870208737328
Ghana,q2_poor,Q2 poorer,2,2237,1745.066031,0.9861793070858969,0.8897236755658348,0.8422092625641528,0.9818491605580607,0.8848220368293279,0.8624377662557501,1.004410195274165,1.0055396888102734,0.9765449699873201,0.20450330600337963
Ghana,q3_middle,Q3 middle,3,1668,1666.118258,0.9825450381185263,0.8666248921917766,0.8904757995679973,0.9818491605580607,0.8848220368293279,0.8624377662557501,1.000708741819436,0.9794341190882192,1.0325102104862285,0.1952514609194131
Ghana,q4_richer,Q4 richer,4,1332,1621.517755,0.9921368749116001,0.9379229996817159,0.9525626484292448,0.9818491605580607,0.8848220368293279,0.8624377662557501,1.0104778969792998,1.0600131559140074,1.104500157228468,0.19002475307519076
Ghana,q5_richest,Q5 richest,5,1019,1480.524031,1.0000000000000007,0.9741617454445413,0.969059127887452,0.9818491605580607,0.8848220368293279,0.8624377662557501,1.018486382808153,1.1009691270070006,1.1236278903863355,0.17350177791464333
Kenya,q1_poorest,Q1 poorest,1,6390,3883.8965000000003,0.953277335640674,0.5451982357890499,0.6589759854926057,0.980278971884291,0.6723159934858196,0.881726782320524,0.9724551510151089,0.8109255782571967,0.7473698187530564,0.2243014879744334
Kenya,q2_poor,Q2 poorer,2,3297,3112.505054,0.9797479530357851,0.604549897963381,0.8795376970413089,0.980278971884291,0.6723159934858196,0.881726782320524,0.9994582982357714,0.8992049926239514,0.9975172748258209,0.17975234791662037
Kenya,q3_middle,Q3 middle,3,3356,3051.4627309999996,0.9851357501171519,0.6616186939539686,0.9377304176378358,0.980278971884291,0.6723159934858196,0.881726782320524,1.0049544857863524,0.9840888813660557,1.0635158605139812,0.17622705215286455
Kenya,q4_richer,Q4 richer,4,3636,3517.64901,0.9867164744215949,0.7020198617222583,0.9680434278777622,0.980278971884291,0.6723159934858196,0.881726782320524,1.0065670107407585,1.0441814095220765,1.0978950024973388,0.20315008577463187
Kenya,q5_richest,Q5 richest,5,2706,3750.004917,0.9973823162201253,0.8343460969082059,0.9849548260977341,0.980278971884291,0.6723159934858196,0.881726782320524,1.0174474255047603,1.2410028989230104,1.1170748647393187,0.21656902618144988
Tanzania,q1_poorest,Q1 poorest,1,2277,2451.733076,0.8563488211891807,0.5070109307361617,0.6247330784828061,0.8961209858146372,0.6521630930558884,0.8062685800002141,0.9556174163365889,0.7774296585236423,0.7748448767315729,0.2268913705370206
Tanzania,q2_poor,Q2 poorer,2,2115,2168.03975,0.8799960440834613,0.5839214739702667,0.7547783256342498,0.8961209858146372,0.6521630930558884,0.8062685800002141,0.9820058429760831,0.8953611147085051,0.936137590322631,0.20063746542049732
Tanzania,q3_middle,Q3 middle,3,2201,2051.290188,0.9014551109154605,0.6311456152065053,0.8246709608784291,0.8961209858146372,0.6521630930558884,0.8062685800002141,1.0059524608677413,0.9677726659586025,1.0228241324723457,0.18983308039543806
Tanzania,q4_richer,Q4 richer,4,2140,2171.7358259999996,0.9168095345557089,0.734653276903641,0.8937669711068813,0.8961209858146372,0.6521630930558884,0.8062685800002141,1.0230867807679611,1.1264870470685826,1.108522635356377,0.200979512341289
Tanzania,q5_richest,Q5 richest,5,1975,1962.958427,0.9322564532686429,0.8287634188438462,0.9718712725571037,0.8961209858146372,0.6521630930558884,0.8062685800002141,1.0403243178387973,1.2707916588171966,1.205393955146864,0.18165857130575505
Uganda,q1_poorest,Q1 lowest,1,4133,3423.4700860000003,0.9731220848932706,0.5387469341362319,0.6566819358031555,0.9808605338631299,0.6022137231070852,0.7438143172255477,0.9921105511918383,0.8946108556885747,0.8828573483938855,0.22544380408700657
Uganda,q2_poor,Q2 second,2,3369,3186.729654,0.9799285358485447,0.5744738210224076,0.6403763943092726,0.9808605338631299,0.6022137231070852,0.7438143172255477,0.9990498159703556,0.9539367818761166,0.8609358269653884,0.20985387275109674
Uganda,q3_middle,Q3 middle,3,2958,2936.918656,0.9877874186566418,0.5927047630091958,0.7165760861042597,0.9808605338631299,0.6022137231070852,0.7438143172255477,1.0070620486342032,0.984209991016431,0.9633803349969284,0.19340321295938398
Uganda,q4_richer,Q4 fourth,4,2594,2720.409092,0.9772903718728613,0.6320636411713355,0.8003162687762251,0.9808605338631299,0.6022137231070852,0.7438143172255477,0.9963601736770797,1.0495669841435056,1.0759624414886655,0.17914553332345354
Uganda,q5_richest,Q5 highest,5,2388,2917.942345,0.9863109331419463,0.674448688776608,0.9307920023724732,0.9808605338631299,0.6022137231070852,0.7438143172255477,1.0055567525561968,1.1199490527994462,1.2513768299652506,0.1921535768790592
