territory_id,territory_name,country,population_cells,population_total,reachable_population,unreachable_population,unsnapped_population,population_weighted_travel_time_hours,population_weighted_road_distance_km,coverage_fraction,facility_proxy_count,road_nodes,road_edges,boundary_source,population_source,road_source,speed_profile_type,destination_classification
ke-garissa,Garissa District,Kenya,4395,282939.6854710877,275733.7207145989,7205.9647564888,0.0,0.12574975290551982,2.514995058110399,0.9745317990847023,7,56691,58160,data\geospatial\boundaries\kenya\gadm41_KEN_2.shp,data\geospatial\ken_ppp_2020_UNadj.tif,data\geospatial\kenya-260926.osm.pbf,PARAMETRIC_ASSUMPTION,OSM_HOSPITAL_PROXY_NOT_VERIFIED_EMONC
ke-turkana,Turkana Central,Kenya,4054,189473.76447698474,90106.1658966057,99367.59858037904,0.0,1.3130079504872905,43.69243996297903,0.4755601185490292,3,195328,200074,data\geospatial\boundaries\kenya\gadm41_KEN_2.shp,data\geospatial\ken_ppp_2020_UNadj.tif,data\geospatial\kenya-260926.osm.pbf,PARAMETRIC_ASSUMPTION,OSM_HOSPITAL_PROXY_NOT_VERIFIED_EMONC
ke-kilifi,Kilifi South,Kenya,2155,289085.9018839672,179944.9983943887,109140.90348957852,0.0,0.6357662712155459,13.22309097212595,0.6224620336781926,23,348352,354986,data\geospatial\boundaries\kenya\gadm41_KEN_2.shp,data\geospatial\ken_ppp_2020_UNadj.tif,data\geospatial\kenya-260926.osm.pbf,PARAMETRIC_ASSUMPTION,OSM_HOSPITAL_PROXY_NOT_VERIFIED_EMONC
ke-kisumu,Kisumu West,Kenya,1229,226746.835562706,212197.7764787674,14549.059083938599,0.0,0.0838441347777372,2.3284085488180133,0.9358356686750096,26,1189551,1210259,data\geospatial\boundaries\kenya\gadm41_KEN_2.shp,data\geospatial\ken_ppp_2020_UNadj.tif,data\geospatial\kenya-260926.osm.pbf,PARAMETRIC_ASSUMPTION,OSM_HOSPITAL_PROXY_NOT_VERIFIED_EMONC
ke-kakamega,Kakamega Central,Kenya,2105,204523.52595877647,194445.93924736977,10077.586711406708,0.0,0.611204135430544,13.978556838760127,0.9507265158657693,24,1526094,1553169,data\geospatial\boundaries\kenya\gadm41_KEN_2.shp,data\geospatial\ken_ppp_2020_UNadj.tif,data\geospatial\kenya-260926.osm.pbf,PARAMETRIC_ASSUMPTION,OSM_HOSPITAL_PROXY_NOT_VERIFIED_EMONC
tz-mwanza,Mwanza Rural (Ilemela/Magu),Tanzania,5339,603710.6940305233,556499.6172237396,47211.076806783676,0.0,0.16794534596474975,3.6936034993359432,0.9217985083358542,50,2019935,2077650,data\geospatial\boundaries\tanzania\gadm41_TZA_2.shp,data\geospatial\tza_ppp_2020_UNadj.tif,data\geospatial\tanzania-260926.osm.pbf,PARAMETRIC_ASSUMPTION,OSM_HOSPITAL_PROXY_NOT_VERIFIED_EMONC
tz-kigoma,Kigoma Rural,Tanzania,2681,277077.30503439903,273275.3946764469,3801.910357952118,0.0,0.10278796040178104,2.459373958487185,0.9862785212326209,6,321338,332112,data\geospatial\boundaries\tanzania\gadm41_TZA_2.shp,data\geospatial\tza_ppp_2020_UNadj.tif,data\geospatial\tanzania-260926.osm.pbf,PARAMETRIC_ASSUMPTION,OSM_HOSPITAL_PROXY_NOT_VERIFIED_EMONC
tz-dodoma,Dodoma Urban & Bahi,Tanzania,4784,521475.1044397354,504600.8241786957,16874.280261039734,0.0,0.5018994242500544,10.307719317840712,0.9676412543621441,15,2135579,2224291,data\geospatial\boundaries\tanzania\gadm41_TZA_2.shp,data\geospatial\tza_ppp_2020_UNadj.tif,data\geospatial\tanzania-260926.osm.pbf,PARAMETRIC_ASSUMPTION,OSM_HOSPITAL_PROXY_NOT_VERIFIED_EMONC
tz-arusha,Arusha Rural (Monduli),Tanzania,3477,604087.1815172732,588258.2889632285,15828.892554044724,0.0,0.19645140384197696,4.6727261508764375,0.9737970063951902,14,1166446,1201570,data\geospatial\boundaries\tanzania\gadm41_TZA_2.shp,data\geospatial\tza_ppp_2020_UNadj.tif,data\geospatial\tanzania-260926.osm.pbf,PARAMETRIC_ASSUMPTION,OSM_HOSPITAL_PROXY_NOT_VERIFIED_EMONC
tz-morogoro,Morogoro Rural (Kilosa),Tanzania,3771,435694.9974937141,419162.29146918654,16532.70602452755,0.0,0.13708431021239473,2.984439508791061,0.9620544047564694,9,784522,801357,data\geospatial\boundaries\tanzania\gadm41_TZA_2.shp,data\geospatial\tza_ppp_2020_UNadj.tif,data\geospatial\tanzania-260926.osm.pbf,PARAMETRIC_ASSUMPTION,OSM_HOSPITAL_PROXY_NOT_VERIFIED_EMONC
ug-gulu,Gulu District,Uganda,1614,194894.51112365723,189865.75533866882,5028.755784988403,0.0,0.06253200845519169,1.8228959643646445,0.9741975504800249,74,544849,552684,data\geospatial\boundaries\uganda\gadm41_UGA_2.shp,data\geospatial\uga_ppp_2020_UNadj.tif,data\geospatial\uganda-260926.osm.pbf,PARAMETRIC_ASSUMPTION,OSM_HOSPITAL_PROXY_NOT_VERIFIED_EMONC
ug-arua,Arua District,Uganda,1186,84139.90030288696,83268.329870224,871.5704326629639,0.0,0.032606620921408605,0.9325913167482697,0.9896414135323969,118,592616,611674,data\geospatial\boundaries\uganda\gadm41_UGA_2.shp,data\geospatial\uga_ppp_2020_UNadj.tif,data\geospatial\uganda-260926.osm.pbf,PARAMETRIC_ASSUMPTION,OSM_HOSPITAL_PROXY_NOT_VERIFIED_EMONC
ug-moroto,Moroto District (Karamoja),Uganda,557,13470.13243484497,13083.500700950623,386.63173389434814,0.0,0.03908346541911437,1.0723650028306848,0.9712971096784322,39,65480,66533,data\geospatial\boundaries\uganda\gadm41_UGA_2.shp,data\geospatial\uga_ppp_2020_UNadj.tif,data\geospatial\uganda-260926.osm.pbf,PARAMETRIC_ASSUMPTION,OSM_HOSPITAL_PROXY_NOT_VERIFIED_EMONC
ug-jinja,Jinja District,Uganda,1032,99881.36629295349,95421.1668958664,4460.199397087097,0.0,0.07542745770217583,1.5948211659824743,0.9553450301830547,86,438657,448798,data\geospatial\boundaries\uganda\gadm41_UGA_2.shp,data\geospatial\uga_ppp_2020_UNadj.tif,data\geospatial\uganda-260926.osm.pbf,PARAMETRIC_ASSUMPTION,OSM_HOSPITAL_PROXY_NOT_VERIFIED_EMONC
ug-mbarara,Mbarara District,Uganda,5352,137937.09682178497,137638.5272717476,298.56955003738403,0.0,0.037878873267171854,0.9630124924118124,0.9978354658977407,119,404917,409363,data\geospatial\boundaries\uganda\gadm41_UGA_2.shp,data\geospatial\uga_ppp_2020_UNadj.tif,data\geospatial\uganda-260926.osm.pbf,PARAMETRIC_ASSUMPTION,OSM_HOSPITAL_PROXY_NOT_VERIFIED_EMONC
gh-northern,Tamale Metro & Sagnarigu,Ghana,4805,250587.28183984756,234940.93701839447,15646.344821453094,0.0,0.3363275267682793,7.925952009422679,0.9375612971792686,2,169678,178344,data\geospatial\boundaries\ghana\gadm41_GHA_2.shp,data\geospatial\gha_ppp_2020_UNadj.tif,data\geospatial\ghana-260926.osm.pbf,PARAMETRIC_ASSUMPTION,OSM_HOSPITAL_PROXY_NOT_VERIFIED_EMONC
gh-upper-east,Bolgatanga & Bongo,Ghana,4296,98869.4831160307,95937.49305684865,2931.990059182048,0.0,4.955583800318613,142.18511124720067,0.970344842849627,1,123449,127220,data\geospatial\boundaries\ghana\gadm41_GHA_2.shp,data\geospatial\gha_ppp_2020_UNadj.tif,data\geospatial\ghana-260926.osm.pbf,PARAMETRIC_ASSUMPTION,OSM_HOSPITAL_PROXY_NOT_VERIFIED_EMONC
gh-volta,Ho Municipal & Central,Ghana,4207,241709.05341005325,235481.94993257523,6227.103477478027,0.0,0.2632253944973933,10.10656340991234,0.9742371938923037,11,136195,138285,data\geospatial\boundaries\ghana\gadm41_GHA_2.shp,data\geospatial\gha_ppp_2020_UNadj.tif,data\geospatial\ghana-260926.osm.pbf,PARAMETRIC_ASSUMPTION,OSM_HOSPITAL_PROXY_NOT_VERIFIED_EMONC
gh-ashanti,Kumasi Metro,Ghana,2548,446398.77645111084,431117.57189178467,15281.204559326172,0.0,0.11457533820765277,3.5372811500198535,0.9657678171055656,25,489491,513549,data\geospatial\boundaries\ghana\gadm41_GHA_2.shp,data\geospatial\gha_ppp_2020_UNadj.tif,data\geospatial\ghana-260926.osm.pbf,PARAMETRIC_ASSUMPTION,OSM_HOSPITAL_PROXY_NOT_VERIFIED_EMONC
gh-accra,Greater Accra East,Ghana,3827,343369.64172267914,327565.56989860535,15804.071824073792,0.0,0.12162492330488614,3.641043562443432,0.9539735902545575,35,669990,716560,data\geospatial\boundaries\ghana\gadm41_GHA_2.shp,data\geospatial\gha_ppp_2020_UNadj.tif,data\geospatial\ghana-260926.osm.pbf,PARAMETRIC_ASSUMPTION,OSM_HOSPITAL_PROXY_NOT_VERIFIED_EMONC
et-somali,Jigjiga Zone & Godey,Ethiopia,4399,1509989.8330750465,901070.1883286834,565819.7706357837,43099.87411057949,1.7071238287964372,43.85399940673593,0.5967392419415715,5,174983,181345,data\geospatial\boundaries\ethiopia\gadm41_ETH_2.shp,data\geospatial\eth_ppp_2020_UNadj.tif,data\geospatial\ethiopia-260926.osm.pbf,PARAMETRIC_ASSUMPTION,OSM_HOSPITAL_PROXY_NOT_VERIFIED_EMONC
et-afar,Awash & Semera Zone,Ethiopia,5193,613691.7768513113,176949.51378911734,292461.4648785293,144280.79818366468,5.228273592748402,174.47066836979337,0.2883361329965965,7,171871,176113,data\geospatial\boundaries\ethiopia\gadm41_ETH_2.shp,data\geospatial\eth_ppp_2020_UNadj.tif,data\geospatial\ethiopia-260926.osm.pbf,PARAMETRIC_ASSUMPTION,OSM_HOSPITAL_PROXY_NOT_VERIFIED_EMONC
et-oromia,East Shewa (Adama),Ethiopia,2875,2644365.7677084208,2534613.8807177544,109751.88699066639,0.0,1.8309286906351363,70.03254012267391,0.9584959507754571,48,908485,981316,data\geospatial\boundaries\ethiopia\gadm41_ETH_2.shp,data\geospatial\eth_ppp_2020_UNadj.tif,data\geospatial\ethiopia-260926.osm.pbf,PARAMETRIC_ASSUMPTION,OSM_HOSPITAL_PROXY_NOT_VERIFIED_EMONC
et-amhara,West Gojjam (Bahir Dar),Ethiopia,1019,324450.25286102295,311714.55676651,12735.69609451294,0.0,0.07589379946779583,2.607415203979381,0.960746844910094,5,55790,59646,data\geospatial\boundaries\ethiopia\gadm41_ETH_2.shp,data\geospatial\eth_ppp_2020_UNadj.tif,data\geospatial\ethiopia-260926.osm.pbf,PARAMETRIC_ASSUMPTION,OSM_HOSPITAL_PROXY_NOT_VERIFIED_EMONC
et-tigray,Central Tigray (Mekelle),Ethiopia,5411,1872803.4304842353,1233307.8303158283,637634.5424227417,1861.0577456653118,2.735163791260586,96.5021677649367,0.6585356531501771,5,432530,443608,data\geospatial\boundaries\ethiopia\gadm41_ETH_2.shp,data\geospatial\eth_ppp_2020_UNadj.tif,data\geospatial\ethiopia-260926.osm.pbf,PARAMETRIC_ASSUMPTION,OSM_HOSPITAL_PROXY_NOT_VERIFIED_EMONC
