territory_id,territory_name,country,scenario,cumulative_births,cumulative_maternal_deaths,horizon_mmr,deaths_avoided,mortality_reduction_percent,anc_coverage_final,facility_delivery_rate_final,delay_2_hours,facility_delay_index,complications,referrals,unreferred_complications,deaths_home,deaths_transit,deaths_facility,quality_factor,congestion,total_cost_usd,incremental_cost_usd,cost_per_death_avoided_usd
et-afar,Awash & Semera Zone,Ethiopia,baseline,84712.11953849946,220.95065029069892,260.82531223915674,0.0,0.0,55.31431611484277,39.243395670583794,7.919583599999999,2.41275,319.72335711307767,38.8506110059838,155.40244402393517,4.480332140090356,0.5576963227804889,0.31650910799831516,0.38695333333333337,0.857872000603664,0.0,0.0,
et-afar,Awash & Semera Zone,Ethiopia,scenario_a,84716.47769813842,162.78669781594752,192.15470501026817,58.1639524747514,26.328198992405653,55.51022192026582,43.69376517639611,3.410197275,2.41275,319.7330080134303,85.06399464704026,94.96562365357406,2.737931587054258,0.8281238575587697,0.3524096560876287,0.38695333333333337,0.9975662783027137,2697000.0,2697000.0,46368.92585954764
et-afar,Awash & Semera Zone,Ethiopia,scenario_b,84849.4198529334,190.0688329611072,224.00722749848734,30.881817329591712,14.11599373718378,61.4133751099873,49.128226157523514,7.919583599999999,2.481906473331693,319.72432938105715,32.5298875524212,130.1195502096848,3.7514306715668444,0.47030556585253996,0.36055804578428713,0.3754272544447179,1.0576303944430774,5208000.0,5208000.0,168642.92487766148
et-afar,Awash & Semera Zone,Ethiopia,scenario_c,84792.1655277815,198.7780667440586,234.42975598840025,22.17258354664031,10.120013285579356,58.76254639518699,42.102879863187276,7.919583599999999,2.41275,319.7241621633415,57.04336833588951,128.06771393823823,3.692264783860424,0.8188529246545526,0.2886353083812622,0.38695333333333337,0.9359555753290019,1767000.0,1767000.0,79693.01350395604
et-afar,Awash & Semera Zone,Ethiopia,scenario_d,84924.06576379578,104.91724994852505,123.54242464125242,116.03340034217386,52.634035561712075,65.15071402881638,57.94501781389657,3.410197275,0.7784078925152783,319.73560642731604,78.07796692352389,56.386785402113645,1.6256994274497916,0.6500682422758602,0.21753765371388314,0.6205136845807869,1.1984649104293983,9672000.0,9672000.0,83355.30951844892
et-tigray,Central Tigray (Mekelle),Ethiopia,baseline,110394.24884042215,200.19634741721302,181.3467182575808,0.0,0.0,82.83319214961318,62.324204006698835,4.4292296,2.41275,395.5939928750444,65.21677709328159,83.8264086240745,3.1378747932581197,0.7986057274519418,0.7424426849887951,0.4709066666666667,0.6763494452113752,0.0,0.0,
et-tigray,Central Tigray (Mekelle),Ethiopia,scenario_a,110401.96341062635,126.4282099922411,114.51626953590228,73.76813742497193,36.85230665533966,83.24633614307307,69.51445609224963,2.07015065,2.41275,395.6103911868296,85.63722752854672,34.96675198033722,1.308951311769718,0.7939521401276121,0.8281202065936649,0.4709066666666667,0.7596143634653669,4132500.0,4132500.0,56020.12121023229
et-tigray,Central Tigray (Mekelle),Ethiopia,scenario_b,110570.11170974623,134.22467759987353,121.3932730322477,65.97166981733949,33.06012140797418,92.1823984290419,78.36436440029209,4.4292296,2.41275,395.60259000831974,37.45208432283541,48.13905047437115,1.8020482353580876,0.45863080483442714,0.840177168526932,0.4709066666666667,0.8324464278351674,7980000.0,7980000.0,120961.01284225185
et-tigray,Central Tigray (Mekelle),Ethiopia,scenario_c,110463.76853570332,175.09754900029935,158.51129408436358,25.098798416913667,12.592135326530851,86.36398773192761,65.34384105171742,4.4292296,2.41275,395.5969035288542,67.94880787159327,69.14988380985052,2.58850757282057,0.8320667431887223,0.661653684762276,0.4709066666666667,0.708950471384768,2707500.0,2707500.0,107873.69000802287
et-tigray,Central Tigray (Mekelle),Ethiopia,scenario_d,110636.81652055345,43.76464562955038,39.55703626145104,156.43170178766263,78.18706804207777,96.13545434909058,91.20316476444808,2.07015065,0.5402500000000003,395.6146111929089,26.73176690240643,8.069798612003122,0.3021311618713825,0.20256126600033292,0.4616335054094357,0.7504133333333333,0.8953593866691754,14820000.0,14820000.0,94737.83018813144
et-oromia,East Shewa (Adama),Ethiopia,baseline,217637.4121001554,346.1602342586226,159.05364381897806,0.0,0.0,88.78144454495079,71.29222744130406,3.1633006,2.41275,768.4694265032939,116.18396305948612,104.42649208419449,4.762064013750194,1.3977727623064045,1.8839750841680607,0.5308733333333333,0.5655652797312278,0.0,0.0,
et-oromia,East Shewa (Adama),Ethiopia,scenario_a,217653.9218032968,206.39485505508023,94.82707839356469,139.76537920354238,40.380442650223614,89.2660120714605,79.55073913561885,1.5841243375,2.41275,768.504186438405,125.58878047137507,31.564645367104376,1.4394912258647308,1.218287294851148,2.102278956892225,0.5308733333333333,0.6304897460573875,7612500.0,7612500.0,54466.278010907154
et-oromia,East Shewa (Adama),Ethiopia,scenario_b,217689.8144186433,317.26845722416437,145.74336335921512,28.891777034458244,8.368422212892913,90.21825525760886,73.87679821673969,3.1633006,2.41275,768.4752449621958,105.72468083286205,95.02565806301641,4.333401556939449,1.271950701825208,1.757054461684152,0.5308733333333333,0.5838409987655198,14700000.0,14700000.0,508795.28740886407
et-oromia,East Shewa (Adama),Ethiopia,scenario_c,217758.77552239443,296.60401641109763,136.2076066507798,49.55621784752498,14.363730763816864,92.15170889194489,74.3254972427555,3.1633006,2.41275,768.4772539307028,112.92523814269877,84.37747560653635,3.847839815182881,1.3585865741918202,1.6695198498856632,0.5308733333333333,0.5883858885664209,4987500.0,4987500.0,100643.27377334537
et-oromia,East Shewa (Adama),Ethiopia,scenario_d,217831.69753254068,95.97862995376498,44.06091080451102,250.18160430485761,72.29808148585543,94.31205174334846,88.40778809419803,1.5841243375,0.5402500000000003,768.5261561790167,75.26655618764848,13.822624388137726,0.6304495754910286,0.5890714298893076,0.9583826113946023,0.8148466666666665,0.6430273846987213,27300000.0,27300000.0,109120.73282068218
et-somali,Jigjiga Zone & Godey,Ethiopia,baseline,151394.64346403372,383.0052205113609,252.9846576786913,0.0,0.0,58.73820754604196,41.88610219138351,2.775025338680475,2.41275,566.5115156009311,169.77593295022905,159.44599030014058,6.496925690001863,1.92232935060746,0.8265105994982327,0.41094,0.7547385375005009,0.0,0.0,
et-somali,Jigjiga Zone & Godey,Ethiopia,scenario_a,151404.65131480948,253.42834042480425,167.38477862074467,129.57688008655666,33.83599616015633,59.00621689804526,46.70051914192132,0.96757915,2.41275,566.5328984486243,226.5945326933877,75.36456106995519,3.070907542246556,2.0898114047870884,0.9215336369029025,0.41094,0.8580517538336125,4785000.0,4785000.0,36927.88402378299
et-somali,Jigjiga Zone & Godey,Ethiopia,scenario_b,151639.2056734232,325.3932317424031,214.5838408328148,57.611988768957815,15.179108961875587,65.22519730266814,52.56428203989043,2.775025338680475,2.41275,566.5140358358583,138.5809488402886,130.14905140324322,5.303188275269547,1.5691228374423782,0.9334912392849776,0.41094,0.9141353755236876,9240000.0,9240000.0,160383.28475441638
et-somali,Jigjiga Zone & Godey,Ethiopia,scenario_c,151530.46096787072,325.81168626882726,215.01398741069605,57.193534242533644,15.009080240834496,62.227765353966745,44.78993414231545,2.775025338680475,2.41275,566.5163809367601,192.20933469551832,120.564732314238,4.912656183102208,2.176345961702498,0.7512400482717212,0.41094,0.8117943194511187,3135000.0,3135000.0,54813.88834454237
et-somali,Jigjiga Zone & Godey,Ethiopia,scenario_d,151767.96074554985,138.6324563784218,91.34500832547215,244.3727641329391,63.89306404442641,69.07809048967516,62.068834723929086,0.96757915,0.5551562126712581,566.5407694558164,182.50155672363277,32.393958894976805,1.3199993090523672,1.3945035922215125,0.5380597332736617,0.6834956312214571,1.0124218438927148,17160000.0,17160000.0,70220.59132033608
et-amhara,West Gojjam (Bahir Dar),Ethiopia,baseline,192654.07621243785,324.50146712346793,168.43737412835387,0.0,0.0,86.9591786111319,68.23395552950035,0.4,2.41275,684.5851423677698,169.6855091624543,47.780111600524776,3.2003233698111524,1.9156515486904233,2.422406127536102,0.5068866666666667,0.6185877772117694,0.0,0.0,
et-amhara,West Gojjam (Bahir Dar),Ethiopia,scenario_a,192655.3039123874,313.5746774309142,162.7646221323429,10.926789692553712,3.3678701210861717,86.99884989468967,68.83669509707025,0.4,2.41275,684.5877604608473,169.29994291611493,44.04022820443731,2.9498340025032084,1.8868894013962074,2.4438102115839984,0.5068866666666667,0.6236930802049708,6960000.0,6960000.0,636966.5927351962
et-amhara,West Gojjam (Bahir Dar),Ethiopia,scenario_b,192700.20805663007,300.79636342571916,156.09550527175463,23.70510369774877,7.32727455558313,88.35433847089514,70.6980907529474,0.4,2.41275,684.5895146402349,156.5237733720044,44.074024922715154,2.952106665643872,1.7670738398769097,2.258904957116379,0.5068866666666667,0.6372346203122058,13440000.0,13440000.0,566966.5136827211
et-amhara,West Gojjam (Bahir Dar),Ethiopia,scenario_c,192770.96367270857,267.1173527836839,138.56721349238182,57.38411433978405,17.733689325511666,90.55285513392978,71.41428770860843,0.4,2.41275,684.5949788893247,163.0026526449643,32.69369838165093,2.1898677214747386,1.8402361529143432,2.155030493809744,0.5068866666666667,0.6446319389361327,4560000.0,4560000.0,79464.50080242121
et-amhara,West Gojjam (Bahir Dar),Ethiopia,scenario_d,192824.80126942362,169.5206623376823,87.91434567632214,154.98080478578564,47.80591532534281,92.30244049718624,77.62633775610689,0.4,0.5402500000000003,684.6198265610582,129.61904961855885,23.5554780309391,1.5778562707226274,1.1716854504082794,1.1472992153196522,0.7890733333333333,0.643671507641675,24960000.0,24960000.0,161052.20278407828
gh-upper-east,Bolgatanga & Bongo,Ghana,baseline,52815.67834305581,183.77412953288558,347.9537427110375,0.0,0.0,94.35141604081436,69.71720602255355,7.5378175999999995,2.6264000000000003,183.94849782672276,14.965618121756993,40.739126499717,3.0105403104477046,0.4912551246006286,0.7305034257230327,0.5109520000000001,0.654102941987968,0.0,0.0,
gh-upper-east,Bolgatanga & Bongo,Ghana,scenario_a,52819.19930685089,118.34575506877664,224.05821485716208,65.42837446410894,35.60689616055257,94.80758997153804,77.74987750748626,3.2636264,2.6264000000000003,183.95595673242698,22.149895531172746,18.78053017406782,1.3879047311885437,0.49761623397845023,0.8146925278721087,0.5109520000000001,0.7336303054108557,1783500.0,1783500.0,27258.815683680903
gh-upper-east,Bolgatanga & Bongo,Ghana,scenario_b,52828.2624433036,169.22153357513903,320.32386784772854,14.552595957746547,7.940674713838189,95.87315238452334,72.24083224357047,7.5378175999999995,2.6264000000000003,183.94981119077534,13.718551546417489,37.34438512966523,2.7596955126173794,0.4503226740415361,0.6812540338482602,0.5109520000000001,0.6764294491678423,3444000.0,3444000.0,236658.80712964557
gh-upper-east,Bolgatanga & Bongo,Ghana,scenario_c,52843.95874507242,162.2167241472469,306.97307317531966,21.557405385638674,11.777619983743278,97.81044062317153,72.57770227054371,7.5378175999999995,2.6264000000000003,183.94978426029056,15.74824207285497,34.69501543969443,2.56391618905632,0.5169499793461002,0.6464060679703935,0.5109520000000001,0.6810725013779322,1168500.0,1168500.0,54204.1112599962
gh-upper-east,Bolgatanga & Bongo,Ghana,scenario_d,52845.40821829403,59.216765260749284,112.05659537369154,124.5573642721363,67.7955481953961,98.0,86.83901428695727,3.2636264,0.5402500000000003,183.95140652457286,14.155412184024755,10.054406147615452,0.743118067029236,0.24763502591964404,0.34980142295915795,0.8406199999999999,0.5695007482306725,6396000.0,6396000.0,51349.83416978739
gh-accra,Greater Accra East,Ghana,baseline,374420.08266965405,754.9208117104032,201.6240171541386,0.0,0.0,98.0,90.2641443532338,0.4,2.6264000000000003,1251.954248600356,100.01101906654021,21.877439340746946,3.2341525197992467,2.385450974531321,11.735479397589396,0.59236,0.42149054161750554,0.0,0.0,
gh-accra,Greater Accra East,Ghana,scenario_a,374420.08266965405,716.6907872951879,191.4135540447265,38.230024415215325,5.064110542746677,98.0,91.53791272578573,0.4,2.6264000000000003,1251.954248600356,89.18120425979902,16.760256889996555,2.4777081390578672,2.0842807586328007,11.90105715119222,0.59236,0.42678064314412956,14790000.0,14790000.0,386868.70401562355
gh-accra,Greater Accra East,Ghana,scenario_b,374420.08266965405,637.9151769634715,170.374188375546,117.00563474693172,15.499060687151461,98.0,93.62354790717063,0.4,2.6264000000000003,1251.9542486003563,65.50173862167492,14.328524264468612,2.1183107715650524,1.5624267759343984,10.954944168486081,0.59236,0.435122981963934,28560000.0,28560000.0,244090.80863303415
gh-accra,Greater Accra East,Ghana,scenario_c,374420.08266965405,626.9178072948208,167.43701428214848,128.00300441558238,16.955818733566183,98.0,92.58462620715532,0.4,2.6264000000000003,1251.954248600356,77.22050829950642,15.616578949609973,2.3087529973486056,1.8419713096582666,10.231521384035215,0.59236,0.4309630624573703,9690000.0,9690000.0,75701.34813820348
gh-accra,Greater Accra East,Ghana,scenario_d,374420.08266965405,228.11780124796226,60.92563187889353,526.803010462441,69.78255232742596,98.0,98.0,0.4,0.5402500000000003,1251.954248600356,21.360079718393603,3.6790052536135995,0.5439117725523979,0.3700612089299515,4.314781720274614,0.9565999999999999,0.31791584262242645,53040000.0,53040000.0,100682.79593436672
gh-volta,Ho Municipal & Central,Ghana,baseline,42696.377410340305,117.75113348730802,275.78717593682967,0.0,0.0,96.8526308905408,79.94153771004406,0.4,2.6264000000000003,145.56380317500117,22.758703896948173,6.439156670735127,0.9314147634044898,0.5632349769782427,1.2079474762839522,0.5742693333333333,0.5688259684293153,0.0,0.0,
gh-volta,Ho Municipal & Central,Ghana,scenario_a,42697.27284241271,104.56175881592485,244.89095404721016,13.189374671383177,11.202921885206306,97.00020640233456,82.38609563194596,0.4,2.6264000000000003,145.56568103893312,21.166402246528243,4.473397604376011,0.6470826399531665,0.5020066144833191,1.2448959551314784,0.5742693333333333,0.584613731685376,1566000.0,1566000.0,118731.93680650613
gh-volta,Ho Municipal & Central,Ghana,scenario_b,42703.763286362424,104.94603176144913,245.75359098378095,12.80510172585889,10.890131076989617,98.0,82.86735279940633,0.4,2.6264000000000003,145.5666483096263,19.439399697677427,5.500020598939777,0.7955840237286731,0.4810968935591995,1.1269590530874098,0.5742693333333333,0.5867277452831151,3023999.9999999995,3023999.9999999995,236155.8748020932
gh-volta,Ho Municipal & Central,Ghana,scenario_c,42703.763286362424,99.44511110079644,232.87200810368515,18.306022386511586,15.560972944940138,98.0,82.59667827606036,0.4,2.6264000000000003,145.56664830962626,20.422540678640832,4.910891449439159,0.7103715352688749,0.5054322529153793,1.0608719386564545,0.5742693333333333,0.5855490614615552,1026000.0,1026000.0,56047.12909976483
gh-volta,Ho Municipal & Central,Ghana,scenario_d,42703.763286362424,38.7847779244725,90.8228571435027,78.96635556283553,67.06777360659217,98.0,92.70963083488617,0.4,0.5402500000000003,145.56664830962626,9.043991491329487,1.5683545517252035,0.22693226946705017,0.16090254982166646,0.48971388604956234,0.9308266666666665,0.4544568705804786,5616000.0,5616000.0,71118.89563563823
gh-ashanti,Kumasi Metro,Ghana,baseline,320798.54989822983,733.5621568699539,228.66754139090384,0.0,0.0,98.0,87.67386815677234,0.4,2.6264000000000003,1079.191801250834,108.54573759273728,24.47686667074393,3.8080401742935766,2.7183217721793365,10.340449282356936,0.59236,0.4542397597609429,0.0,0.0,
gh-ashanti,Kumasi Metro,Ghana,scenario_a,320798.54989822983,697.3741623470197,217.38694347847107,36.18799452293422,4.933187213111611,98.0,88.84122713722195,0.4,2.6264000000000003,1079.191801250834,100.6803897214279,19.744172133875807,3.0717753768904874,2.473378290093984,10.478106189434074,0.59236,0.45964271180628324,12180000.0,12180000.0,336575.7113807702
gh-ashanti,Kumasi Metro,Ghana,scenario_b,320798.54989822983,629.9282227389979,196.36255305357096,103.63393413095605,14.12749187787346,98.0,90.92050863785681,0.4,2.6264000000000003,1079.191801250834,79.95534198445262,18.029784391074287,2.805130280849164,2.0024071089655378,9.650967983780113,0.59236,0.4688011820611365,23519999.999999996,23519999.999999996,226952.68878125545
gh-ashanti,Kumasi Metro,Ghana,scenario_c,320798.54989822983,611.6970744734451,190.67950109733974,121.8650823965088,16.612782060145605,98.0,90.13248268175742,0.4,2.6264000000000003,1079.191801250834,88.60317175331708,17.886266132162973,2.7828254659767966,2.2190032560723916,9.035796514020827,0.59236,0.46538496888625047,7980000.0,7980000.0,65482.25170878489
gh-ashanti,Kumasi Metro,Ghana,scenario_d,320798.54989822983,206.96348609645057,64.5150940246169,526.5986707735034,71.78650995580992,98.0,98.0,0.4,0.5402500000000003,1079.1918012508343,18.39132349351285,3.1925125315038727,0.496711472400668,0.3349183376963656,3.914195726757446,0.9565999999999999,0.3513839412167997,43680000.0,43680000.0,82947.41788056528
gh-northern,Tamale Metro & Sagnarigu,Ghana,baseline,79906.31338042177,260.7913413175492,326.37138454374866,0.0,0.0,95.42870742833674,72.77734443913359,0.4029887474016,2.6264000000000003,276.77283063246784,57.58698502114598,17.757929347990896,2.463336948409391,1.4338586482210085,2.090107479289184,0.538088,0.6123746568925864,0.0,0.0,
gh-northern,Tamale Metro & Sagnarigu,Ghana,scenario_a,79908.3986158645,224.4950426791439,280.9404850650756,36.29629863840532,13.92000084265452,95.60922934627307,75.6168406309038,0.4,2.6264000000000003,276.7772337704897,55.55322799824063,11.933806009393862,1.655455860102564,1.3112505875792515,2.1716778250744326,0.538088,0.6343982887794182,2697000.0,2697000.0,74305.09724609465
gh-northern,Tamale Metro & Sagnarigu,Ghana,scenario_b,79925.4123779965,238.61424184603152,298.54615040024754,22.177099471517693,8.525635353234,96.97546649587818,75.41755821004578,0.4029887474016,2.6264000000000003,276.77497811051046,52.002262888248104,16.03578499492665,2.2244650714193286,1.294816156750182,1.9493468937494356,0.538088,0.6312280091202241,5208000.0,5208000.0,234836.84179207904
gh-northern,Tamale Metro & Sagnarigu,Ghana,scenario_c,79937.79158792629,220.14777413341415,275.39886924605133,40.643567184135065,15.617948665736867,98.0,75.62758320729472,0.4029887474016,2.6264000000000003,276.7775088420776,54.156900422097124,13.300467621360738,1.8450407412725411,1.3484764049649904,1.8461891841998708,0.538088,0.6338729013054683,1767000.0,1767000.0,43475.51463666152
gh-northern,Tamale Metro & Sagnarigu,Ghana,scenario_d,79937.79158792629,102.26281994462326,127.92800240439583,158.52852137292595,60.80293540953875,98.0,85.17366416158615,0.4,0.5402500000000003,276.7775088420776,35.36023407952529,5.6757289065967385,0.7874259836473714,0.6399070358190446,0.9053194368849218,0.8792799999999998,0.4931896934095934,9672000.0,9672000.0,61011.10334112924
ke-garissa,Garissa District,Kenya,baseline,111972.71223113194,495.26739086667527,442.3107925119771,0.0,0.0,96.1367268057427,83.61015216131247,0.4,3.8067827080551413,387.9345739510638,51.45397330818475,12.127913076055364,2.5353563505889314,2.1605804591573796,6.713162531575078,0.25,1.601735590045951,0.0,0.0,
ke-garissa,Garissa District,Kenya,scenario_a,111973.6320000775,473.4002468420682,422.778325920285,21.867144024607057,4.416004972603787,96.19394961721393,84.82046561476882,0.4,3.831781970674169,387.936505433609,48.9504568376531,9.936498397505787,2.0772537065233343,2.0126847073190715,6.810361427164765,0.25,1.6225683088951408,3659885.5499999993,3659885.5499999993,167369.1610519205
ke-garissa,Garissa District,Kenya,scenario_b,112004.46970096597,333.01088755429157,297.3192841708705,162.2565033123837,32.780459078936104,98.0,98.0,0.4,4.090502024055205,387.9419064170086,6.278880238713664,1.479957889626534,0.3094001397039044,0.2636646701555537,7.081766817966,0.25,1.838168353379337,7067365.199999999,7067365.199999999,43556.745373672835
ke-garissa,Garissa District,Kenya,scenario_c,112004.46970096597,418.43172279193374,373.5848434523011,76.83566807474153,15.537931749159176,98.0,86.23097987961246,0.4,3.8595559909820416,387.9419064170087,44.45531047162957,8.960488678343353,1.87325961647953,1.8667601289636262,5.885130022225186,0.25,1.6457133258183678,2397856.05,2397856.05,31207.59030386118
ke-garissa,Garissa District,Kenya,scenario_d,112004.46970096597,164.20959828752152,146.60986184384862,331.0577925791538,66.85365486760566,98.0,98.0,0.4,0.7969879112812904,387.9419064170086,6.628037653036634,1.1308004753035643,0.23640525685798647,0.20728947539558118,3.0429524013394986,0.6689636814531182,1.213948259401075,13125106.800000003,13125106.800000003,39645.96845084646
ke-kakamega,Kakamega Central,Kenya,baseline,228446.3688397653,820.257040382153,359.05890933967527,0.0,0.0,98.0,90.95602756950873,1.264602437203925,3.146664867255408,773.8440594339347,53.251240576647426,16.735002813552008,3.394712718794929,2.305714442403644,12.36186511617226,0.39784052212409876,1.0516373893795063,0.0,0.0,
ke-kakamega,Kakamega Central,Kenya,scenario_a,228446.3688397653,672.5714482591064,294.41109161636757,147.6855921230466,18.004794211122015,98.0,97.11531709228997,0.4,3.222319661390233,773.8440594339347,19.455610122224417,2.8673371925957802,0.5817981736753699,0.7752340260688251,13.360349267568008,0.3852313897682946,1.1146830511585273,8123968.649999999,8123968.649999999,55008.538972653376
ke-kakamega,Kakamega Central,Kenya,scenario_b,228446.3688397653,611.1448165302196,267.5222283611271,209.11222385193344,25.493499422389508,98.0,98.0,1.264602437203925,3.2324483303064104,773.8440594339347,11.776073177117105,3.7008080115615645,0.7506971024695076,0.5144296045899401,12.153608715552318,0.383543278282265,1.1231236085886753,15687663.6,15687663.6,75020.3087654407
ke-kakamega,Kakamega Central,Kenya,scenario_c,228446.3688397653,684.3204480658696,299.5540929546835,135.9365923162834,16.57243834846591,98.0,93.19534656998488,1.264602437203925,3.1740826378133695,773.8440594339347,40.63356356514608,12.023842768093466,2.4393134983106624,1.7645924650475902,10.813919818528909,0.3932708936977718,1.0744855315111412,5322600.149999999,5322600.149999999,39155.02117057574
ke-kakamega,Kakamega Central,Kenya,scenario_d,228446.3688397653,253.4310568373367,110.93678491125237,566.8259835448164,69.10345850621842,98.0,98.0,0.4,0.5402500000000003,773.8440594339347,13.655709356662296,1.8211718320163737,0.36941889801435696,0.40358342945134,4.85821309981202,0.80196,0.7418928351725953,29134232.400000002,29134232.400000002,51398.90062519777
ke-kilifi,Kilifi South,Kenya,baseline,185225.1042377458,610.5875617724367,329.64622386645635,0.0,0.0,98.0,89.83171137459503,1.2883084479544125,3.2890312204492913,630.5072696212316,48.63047953538136,15.481319443865821,2.7162180378327627,1.8806287693118096,8.944134287730371,0.35709412992511813,1.170276017041076,0.0,0.0,
ke-kilifi,Kilifi South,Kenya,scenario_a,185225.1042377458,497.6594747850333,268.6781993364475,112.92808698740345,18.49498647820329,98.0,96.13069062186604,0.4,3.376318869008498,630.5072696212316,21.275469795923538,3.1208071173471055,0.5476526068566163,0.7554516750676619,9.701183309849075,0.3425461884985837,1.2430157241737483,6323973.449999999,6323973.449999999,56000.005124548035
ke-kilifi,Kilifi South,Kenya,scenario_b,185225.1042377458,443.58686420957594,239.48528253503358,167.0006975628608,27.350818788067798,98.0,98.0,1.2883084479544125,3.400919828719188,630.5072696212316,9.565125721132759,3.0450196712918842,0.5342438131130697,0.37409350793075713,8.934539479060023,0.33844602854680206,1.2635165239326565,12211810.799999999,12211810.799999999,73124.31012692834
ke-kilifi,Kilifi South,Kenya,scenario_c,185225.1042377458,511.87833422897154,276.354728661375,98.7092275434652,16.166268971632558,98.0,92.09654400296621,1.2883084479544125,3.3202759899980308,630.5072696212316,38.41320201220789,11.418662600405312,2.0035928229184408,1.4903446123379416,7.83200582190863,0.35188666833366156,1.1963133249983589,4143292.9499999997,4143292.9499999997,41974.727724169046
ke-kilifi,Kilifi South,Kenya,scenario_d,185225.1042377458,187.70200667121546,101.33723905496656,422.88555510122126,69.25878966051208,98.0,98.0,0.4,0.5402500000000003,630.5072696212316,11.152520401803459,1.4576249906211842,0.25573796465754195,0.2923348149318256,3.5645106588924147,0.7761866666666666,0.8346436550344932,22679077.200000003,22679077.200000003,53629.34942190582
ke-kisumu,Kisumu West,Kenya,baseline,142169.34082755964,496.32533697994273,349.10855891351906,0.0,0.0,98.0,92.44933640488766,0.4,3.0847,478.2617759543658,29.93759932266988,6.1743384836541715,1.4341786962904903,1.2194224953157016,8.436613348087018,0.4507146666666667,0.8355104656631646,0.0,0.0,
ke-kisumu,Kisumu West,Kenya,scenario_a,142169.34082755964,482.26397047999006,339.2179830565148,14.061366499952669,2.833094636174285,98.0,93.34228730652501,0.4,3.0847,478.26177595436576,26.864339226744175,4.976955739008588,1.1560629714663295,1.078853259591606,8.5180883220364,0.4507146666666667,0.8426565811679464,5026746.9,5026746.9,357486.3723249743
ke-kisumu,Kisumu West,Kenya,scenario_b,142169.34082755964,396.4631610896628,278.86684905611384,99.86217589027996,20.12030586589126,98.0,98.0,0.4,3.0847,478.26177595436576,7.929792910400342,1.635442608686982,0.3799068201398172,0.323018968138762,8.048789481375932,0.4507146666666667,0.8791341538436533,9706821.6,9706821.6,97202.18404478817
ke-kisumu,Kisumu West,Kenya,scenario_c,142169.34082755964,412.2384328170034,289.9629627719922,84.08690416293933,16.941892323006147,98.0,94.70746160598267,0.4,3.0847,478.26177595436576,21.203633547007513,4.108554569286458,0.9544412128499821,0.8637634286269729,7.34622254357501,0.4507146666666667,0.8533168266556349,3293385.9000000004,3293385.9000000004,39166.4544293157
ke-kisumu,Kisumu West,Kenya,scenario_d,142169.34082755964,160.98332178288115,113.23350087002329,335.3420151970616,67.56495995903857,98.0,98.0,0.4,0.5402500000000003,478.26177595436576,8.152999594285347,1.4122359248019762,0.32805679430687995,0.23958448297841728,3.084877946608052,0.8663933333333331,0.5805510080328473,18026954.4,18026954.4,53756.921539958465
ke-turkana,Turkana Central,Kenya,baseline,130136.54599137932,642.0814260935441,493.3905546686922,0.0,0.0,95.4477206472391,79.5729848995828,2.271561270372,4.401041705901072,455.14595690907584,58.02980003866132,34.942933308093956,5.9463768099535494,2.763218210999767,6.101859289749938,0.25,2.0969514215842264,0.0,0.0,
ke-turkana,Turkana Central,Kenya,scenario_a,130144.65138858183,426.8454082438798,327.9776799811912,215.23601784966434,33.52574813649896,95.8788344731546,88.71589645731255,0.7557418,4.66902845988848,455.16293949115436,44.097713608244575,7.263343771877125,1.2361268517746546,1.7723287623676396,6.803129673656988,0.25,2.320273716573733,4032345.5999999996,4032345.5999999996,18734.52984442626
ke-turkana,Turkana Central,Kenya,scenario_b,130187.4028269449,331.0713828284237,254.30370038836185,311.01004326512043,48.45793094699092,98.0,98.0,2.271561270372,4.8847000000000005,455.1542207612686,5.681775175743169,3.421309239482216,0.5822366743008396,0.27055920486690244,6.763470209962075,0.25,2.5,7786598.399999999,7786598.399999999,25036.485376011846
ke-turkana,Turkana Central,Kenya,scenario_c,130187.4028269449,546.1771937213009,419.53152291341246,95.9042323722432,14.969689033645054,98.0,82.38136191920611,2.271561270372,4.482126528089272,455.1542207612686,52.54253105849918,27.649443806886424,4.705320791506039,2.5019859645465696,5.369697594715156,0.25,2.16452210674106,2641881.6,2641881.6,27547.080401475785
ke-turkana,Turkana Central,Kenya,scenario_d,130187.4028269449,178.4627607161589,137.08143556207608,463.61866537738524,72.21644511331895,98.0,98.0,0.7557418,1.343520782230665,455.1542207612686,8.098401263208734,1.0046831520166517,0.17097647017864684,0.27168435646857897,3.402605108318861,0.5392148696282225,1.669392318525554,14460825.600000001,14460825.600000001,31191.206653055913
tz-arusha,Arusha Rural (Monduli),Tanzania,baseline,81331.88321258905,202.39310798192065,248.84842203013565,0.0,0.0,91.00242198059419,83.64421329189724,0.4,3.4198748736828826,286.653323958873,38.134262719624466,8.750143538775632,1.05978111225923,0.8878860892604873,2.5982092947824103,0.36345752105285284,1.1153123947357357,0.0,0.0,
tz-arusha,Arusha Rural (Monduli),Tanzania,scenario_a,81332.91006198054,188.69616053261788,232.00468345325422,13.696947449302769,6.768674054457797,91.0846653205491,85.47025082606878,0.4,3.4460663737770645,286.65535165070804,35.308905217152464,6.34139837134596,0.7680562612739119,0.798115677972845,2.665823916724351,0.3590922710371559,1.1371386448142204,2697000.0,2697000.0,196905.1870851186
tz-arusha,Arusha Rural (Monduli),Tanzania,scenario_b,81421.42748382804,136.6089962889934,167.78015383742414,65.78411169292724,32.577368797980206,98.0,98.0,0.4,3.6163697190687327,286.6528591940204,4.663083662226295,1.0699735216541102,0.1295901389541819,0.11074357769742971,2.823964060758672,0.3307083801552112,1.279058099223944,5208000.0,5208000.0,79168.05237578266
tz-arusha,Arusha Rural (Monduli),Tanzania,scenario_c,81360.19031062372,175.7001889340319,215.95351272315008,26.69291904788875,13.218853886484352,93.14816309886666,85.63655926603766,0.4,3.4475125378641085,286.65642801571073,33.91552791242066,7.258198235709386,0.879111786016393,0.7919089171242844,2.27087180775384,0.3588512436893152,1.1383437815534239,1767000.0,1767000.0,66197.33109106173
tz-arusha,Arusha Rural (Monduli),Tanzania,scenario_d,81421.42748382804,54.44609572807007,66.86949297085731,147.94701225385057,73.12842395168599,98.0,98.0,0.4,0.5402500000000003,286.6528591940204,4.919517147024792,0.8135400368556125,0.09853212653143617,0.08031206546132977,1.052411199946537,0.8148466666666665,0.7028184312833804,9672000.0,9672000.0,65374.75716917203
tz-dodoma,Dodoma Urban & Bahi,Tanzania,baseline,102832.78567683372,247.9330804929317,241.1031451312578,0.0,0.0,93.34245824262962,86.87829320549993,0.5842329616148813,3.3314799277881093,360.25628471800775,36.89080261932834,10.380970770128037,1.2663479365360546,0.9338168621526474,3.323324768994765,0.39235001203531505,1.0416499398234247,0.0,0.0,
tz-dodoma,Dodoma Urban & Bahi,Tanzania,scenario_a,102835.80206071767,209.0635980922116,203.29845627962672,38.8694824007201,15.67988208160869,93.53926264633365,91.71907311557133,0.4,3.3933778901324625,360.2622464829734,25.901964783793858,3.9310884396613126,0.47957729666753773,0.6111549986420273,3.543465804142048,0.3820336849779229,1.0932315751103854,3327750.0,3327750.0,85613.43744413611
tz-dodoma,Dodoma Urban & Bahi,Tanzania,scenario_b,102907.31043063248,170.82538950967594,165.99927526511883,77.10769098325576,31.15009960788858,98.0,98.0,0.5842329616148813,3.4700589282512366,360.2565075992466,5.622869954414131,1.582260197570811,0.19301431271710012,0.1443755339885967,3.449095370135123,0.36925351195812717,1.1571324402093641,6426000.0,6426000.0,83337.9902582666
tz-dodoma,Dodoma Urban & Bahi,Tanzania,scenario_c,102866.99444998408,213.33244639144243,207.38668173606334,34.60063410148928,13.98424868196516,95.45291171390163,88.8469606520993,0.5842329616148813,3.356206076894009,360.2607124491437,31.6619799516405,8.518039062839865,1.0391446580803598,0.8035531511981073,2.900342290477185,0.3882289871843318,1.062255064078341,2180250.0,2180250.0,63011.85098530197
tz-dodoma,Dodoma Urban & Bahi,Tanzania,scenario_d,102907.31043063248,65.67917426995992,63.823623409371656,182.2539062229718,73.52849819747239,98.0,98.0,0.4,0.5402500000000003,360.2565075992466,6.310508302396418,0.8946218495885248,0.10913174818220901,0.10668436373562416,1.2762081331107582,0.8406199999999999,0.6359219579680556,11934000.0,11934000.0,65480.07802587117
tz-kigoma,Kigoma Rural,Tanzania,baseline,100433.0640751673,331.94567157196235,330.51433273361414,0.0,0.0,83.90079578235705,70.18806327297075,0.4,4.275823068393698,362.2220641601338,87.78652594997315,20.19888662878526,2.4951061049061867,2.1615928054369755,3.109184509686876,0.25,1.8286025569947484,0.0,0.0,
tz-kigoma,Kigoma Rural,Tanzania,scenario_a,100433.83231345088,318.4870170962978,317.1112858686002,13.45865447566456,4.055208969051413,83.94650055860818,71.02262754037451,0.4,4.299883165146583,362.22369485432876,87.21745016201642,17.745459032939706,2.19205008554745,2.110767004449203,3.146162949727522,0.25,1.8486526376221528,2979750.0,2979750.0,221400.2897085941
tz-kigoma,Kigoma Rural,Tanzania,scenario_b,100592.41599389353,229.8103622868347,228.4569467948611,102.13530928512765,30.878354077615334,93.34102985331837,88.22730701234367,0.4,4.744106173497907,362.22867215307053,34.66741130244102,7.976658183404155,0.9853799026234522,0.8536671462367036,3.517477521011702,0.25,2.2188384779149226,5753999.999999999,5753999.999999999,56337.03016394413
tz-kigoma,Kigoma Rural,Tanzania,scenario_c,100474.656096347,292.49774511222927,291.11594552933605,39.44792645973308,11.920326382950588,86.23521045830277,72.2922780538798,0.4,4.333185179176475,362.22487377374364,83.74750289116953,16.616757953744212,2.0526360516703157,2.062158114372519,2.7220465105822567,0.25,1.8764043159803963,1952250.0,1952250.0,49489.293233011405
tz-kigoma,Kigoma Rural,Tanzania,scenario_d,100634.64645349508,107.31837366840588,106.64157668402946,224.62729790355647,67.7346589474594,96.12931982155672,95.60074475180951,0.4,0.9087591021906903,362.2459918353773,13.5843266562629,2.3517991509146245,0.2906606700404101,0.25610462314490556,1.705719881696246,0.6374484829682182,1.3070909184922417,10686000.0,10686000.0,47572.134374282614
tz-morogoro,Morogoro Rural (Kilosa),Tanzania,baseline,97837.33896362793,265.3380887098219,271.20329673772517,0.0,0.0,89.91433203994332,79.85929652680773,0.4,3.82804116604341,346.67281824083,57.11331671956647,12.709027624477926,1.517065745657562,1.3666718182294086,3.2439589598418497,0.2600298056594316,1.4554509717028419,0.0,0.0,
tz-morogoro,Morogoro Rural (Kilosa),Tanzania,scenario_a,97838.22494195719,252.42968515117659,258.00722090055416,12.90840355864529,4.865750525862024,89.97190085804715,81.06899471986429,0.4,3.85196101619322,346.67434838989686,55.257611609713486,10.371327588853951,1.238023793953788,1.2953419175569656,3.3043427178056253,0.25604316396779664,1.4753841801610168,3088500.0,3088500.0,239262.7396539291
tz-morogoro,Morogoro Rural (Kilosa),Tanzania,scenario_b,97962.31123907394,168.4779726496534,171.98243948990566,96.86011606016848,36.58541708059466,98.0,98.0,0.4,4.16457495469895,346.67528569592906,5.671472528403188,1.2620331855153886,0.1506493689550791,0.1364952549725669,3.6134596020379304,0.25,1.7358957955824588,5963999.999999999,5963999.999999999,61573.33113554423
tz-morogoro,Morogoro Rural (Kilosa),Tanzania,scenario_c,97873.1309640363,231.73707704555736,236.77292711797443,33.60101166426452,12.695409692252968,92.13798505484037,81.86334300020506,0.4,3.8660234658174786,346.67549884458134,52.27962475995228,10.59572136781749,1.264822077146689,1.2555765835543946,2.841882855683046,0.25369942236375354,1.4871028881812323,2023500.0,2023500.0,60221.4010762075
tz-morogoro,Morogoro Rural (Kilosa),Tanzania,scenario_d,97962.31123907394,73.69098132713239,75.22380841678171,191.64710738268948,72.26294469070226,98.0,98.0,0.4,0.5402500000000003,346.67528569592906,5.931407577566281,1.0020981363522958,0.11962082582708233,0.09962694401891795,1.3861396498234297,0.7504133333333333,0.9538212093619141,11076000.0,11076000.0,57793.723846209425
tz-mwanza,Mwanza Rural (Ilemela/Magu),Tanzania,baseline,164111.78854570925,462.3990098112912,281.75855854651263,0.0,0.0,88.96321678285146,82.08679898104087,0.4,3.750059932976838,583.1072426367572,85.09842558946333,19.35474694016878,2.4847723370515857,2.186820407426499,5.928265322075983,0.2801066778371937,1.3904666108140316,0.0,0.0,
tz-mwanza,Mwanza Rural (Ilemela/Magu),Tanzania,scenario_a,164113.52343622857,435.763590848481,265.5257054534025,26.635418962810206,5.761263536003789,89.02990518327158,83.60562559785564,0.4,3.777834509900901,583.1103899274638,80.69315104806216,14.90414945445012,1.9134212266464952,2.022209289250918,6.062312494603901,0.27547758168318315,1.4136120915840842,5415750.0,5415750.0,203328.88352767265
tz-mwanza,Mwanza Rural (Ilemela/Magu),Tanzania,scenario_b,164347.27707394335,304.70820213301573,185.40508097126613,157.69080767827546,34.19717863134244,98.0,98.0,0.4,4.025679751495585,583.1076521403322,9.50120363883325,2.160949403973433,0.2774244273095412,0.24842897934405525,6.536610693915932,0.25,1.6201497929129878,10458000.0,10458000.0,66319.65524164643
tz-mwanza,Mwanza Rural (Ilemela/Magu),Tanzania,scenario_c,164171.529668096,401.7737963736335,244.72805801706042,60.62521343765769,13.142635567302289,91.15125975304946,84.12887916488448,0.4,3.786065743344141,583.1127602359479,76.59535674786773,15.95117403415695,2.0478708772627656,1.9752284836509204,5.191387984088689,0.2741057094426431,1.4204714527867843,3548250.0,3548250.0,58527.62899793743
tz-mwanza,Mwanza Rural (Ilemela/Magu),Tanzania,scenario_d,164347.27707394335,129.3139219012552,78.68333701876553,333.085087910036,72.07419805642691,98.0,98.0,0.4,0.5402500000000003,583.1076521403322,9.994837795060041,1.6673152477466413,0.2140512762122332,0.17961885969980235,2.459825643676535,0.7632999999999999,0.8902359244295769,19422000.0,19422000.0,58309.425143781125
ug-arua,Arua District,Uganda,baseline,88461.07077712876,172.65468872442753,195.17589738362818,0.0,0.0,97.02927053560985,65.9921789195038,0.4,2.9571746285485796,313.1686683770798,85.94529630093463,20.55654412091515,1.4680203147682864,1.1047552858507175,1.2976042196705302,0.38191922857523675,1.015770523790483,0.0,0.0,
ug-arua,Arua District,Uganda,scenario_a,88461.29362186982,170.3137765587585,192.5291498525551,2.340912165669039,1.3560831878081605,97.04693692926276,66.2336801018031,0.4,2.9613623678076513,313.16912719667425,85.93850304211034,19.807186269509813,1.4145074279558218,1.0989906949455273,1.30322253658559,0.38122127203205813,1.0192603065063761,2523000.0,2523000.0,1077784.992107519
ug-arua,Arua District,Uganda,scenario_b,88474.09400865433,127.3481520063408,143.93835103175388,45.30653671808673,26.25198451177826,98.0,82.54235624125637,0.4,3.2087272376550677,313.1717943828876,44.11977288448686,10.552643331742715,0.753624211235004,0.5818336959358066,1.5192482331513928,0.33999379372415545,1.2253976980458896,4872000.0,4872000.0,107534.15186676713
ug-arua,Arua District,Uganda,scenario_c,88474.09400865433,149.50209997846025,168.97839040186872,23.15258874596728,13.422511351525607,98.0,68.35059893446466,0.4,2.995969027241027,313.1717943828876,83.42470917240439,15.692288055969385,1.1206588587249025,1.0766529152952236,1.1494435380858856,0.37545349545982887,1.0480991893675224,1653000.0,1653000.0,71395.90385061885
ug-arua,Arua District,Uganda,scenario_d,88474.09400865433,62.5379137739082,70.685000479113,110.11677495051933,63.78395005394645,98.0,89.33894459404821,0.4,0.5402500000000003,313.1717943828876,28.29200988731963,5.095408627653448,0.36394546089444846,0.28221177123724966,0.6958794656614741,0.7375266666666667,0.9485126659764472,9048000.0,9048000.0,82167.31741431488
ug-gulu,Gulu District,Uganda,baseline,70253.17467396313,118.64593624201888,168.8833804203738,0.0,0.0,98.0,75.87502464093163,0.4,2.93825,247.05712203033215,48.68157304351359,10.92089676912753,0.8444889119625073,0.6555889599618332,1.1912355650510065,0.4502666666666667,0.741815155068604,0.0,0.0,
ug-gulu,Gulu District,Uganda,scenario_a,70253.17467396313,115.52639575023672,164.44295405350914,3.1195404917821605,2.629285579085309,98.0,76.42622039551128,0.4,2.93825,247.05712203033215,48.20665385645413,10.03404758816911,0.7759134216255603,0.6423317798726375,1.1998878334063336,0.4502666666666667,0.7467203978644099,2001000.0,2001000.0,641440.6241147554
ug-gulu,Gulu District,Uganda,scenario_b,70253.17467396313,73.96933271018082,105.28966563214254,44.676603531838055,37.65540139588503,98.0,95.45883877301823,0.4,2.93825,247.05712203033215,9.163568819587887,2.055693414550605,0.158995387192726,0.1234304193363239,1.348809533401883,0.4502666666666667,0.9028860522617997,3864000.0,3864000.0,86488.22190000149
ug-gulu,Gulu District,Uganda,scenario_c,70253.17467396313,102.68234849543848,146.1604389722961,15.963587746580401,13.454812067070899,98.0,78.19556629712253,0.4,2.93825,247.05712203033215,45.1916413476355,8.67776503370537,0.6710438121925785,0.6086007497452715,1.0435120020801938,0.4502666666666667,0.7615964332862319,1311000.0,1311000.0,82124.39589470309
ug-gulu,Gulu District,Uganda,scenario_d,70253.17467396313,29.65172371811448,42.20695200711527,88.9942125239044,75.00822644474762,98.0,98.0,0.4,0.5402500000000003,247.05712203033218,4.199250507713539,0.7418919328931111,0.05737010567444482,0.042325445771197,0.5669652639309808,0.8277333333333332,0.6677006417459044,7176000.0,7176000.0,80634.4569662042
ug-jinja,Jinja District,Uganda,baseline,75649.88043841266,111.90181173013114,147.92067228874413,0.0,0.0,98.0,81.31686059865751,0.4,2.93825,261.8975609989577,40.356764181714695,8.573922228436537,0.6874636589148327,0.5455800815375864,1.3231540914342899,0.5061466666666667,0.6049700135646275,0.0,0.0,
ug-jinja,Jinja District,Uganda,scenario_a,75649.88043841266,108.32807808791387,143.19662828298172,3.5737336422172774,3.193633406790485,98.0,82.0293398145035,0.4,2.93825,261.8975609989577,39.43900532979727,7.625715391428841,0.6114388738525149,0.5264057581792898,1.3347452639627548,0.5061466666666667,0.6097400999355779,2262000.0,2262000.0,632951.4805688123
ug-jinja,Jinja District,Uganda,scenario_b,75649.88043841266,69.63394446326747,92.04765963900918,42.267867266863675,37.77228144330611,98.0,98.0,0.4,2.93825,261.8975609989577,4.320126646254622,0.9178245737245252,0.07359434775378797,0.05840542947622396,1.4351426043052533,0.5061466666666667,0.7105992818628243,4368000.0,4368000.0,103340.9131438325
ug-jinja,Jinja District,Uganda,scenario_c,75649.88043841266,96.62707112915555,127.7293110962953,15.27474060097559,13.650128058527802,98.0,83.48825999014213,0.4,2.93825,261.8975609989577,36.28716938215744,6.95667498214938,0.5578039870867237,0.49057448498906736,1.1547069309011428,0.5061466666666667,0.6189766800481411,1482000.0,1482000.0,97022.92423252971
ug-jinja,Jinja District,Uganda,scenario_d,75649.88043841266,28.405624782236394,37.54880327320769,83.49618694789476,74.61558097849118,98.0,98.0,0.4,0.5402500000000003,261.8975609989577,4.4644569516845625,0.7734942682945851,0.062021444833878274,0.043677789202693586,0.5430058931848853,0.9050533333333333,0.513601296833075,8112000.0,8112000.0,97154.13717110507
ug-mbarara,Mbarara District,Uganda,baseline,69169.811962192,98.8697184013651,142.93767121328443,0.0,0.0,98.0,83.11045460283076,0.4,2.93825,238.82444581977393,33.50288992348515,6.833473272783422,0.5592967270246784,0.453642489373958,1.2461154158721863,0.51546,0.5935671404152855,0.0,0.0,
ug-mbarara,Mbarara District,Uganda,scenario_a,69169.811962192,97.28016214356238,140.63962208938113,1.5895562578027267,1.6077281128179732,98.0,83.47619717697128,0.4,2.93825,238.82444581977393,33.038978425337646,6.423902095112837,0.5257761858455201,0.44447303308139363,1.2515982233276592,0.51546,0.5959105104083493,2131500.0,2131500.0,1340940.2715613302
ug-mbarara,Mbarara District,Uganda,scenario_b,69169.811962192,63.9435759586476,92.44433972669891,34.926142442717506,35.32541915506787,98.0,98.0,0.4,2.93825,238.82444581977393,3.9672932735182416,0.8091956428772518,0.06623246630439299,0.05372078798232605,1.322415161862909,0.51546,0.6842895061513778,4116000.0,4116000.0,117848.6861739932
ug-mbarara,Mbarara District,Uganda,scenario_c,69169.811962192,85.0079673192701,122.89749662140932,13.861751082095012,14.020219037969472,98.0,85.27863290530368,0.4,2.93825,238.82444581977393,29.659223020960578,5.499000360042434,0.45008639417912205,0.4016082106017502,1.0868241926545648,0.51546,0.6069783279460946,1396500.0,1396500.0,100744.84758306152
ug-mbarara,Mbarara District,Uganda,scenario_d,69169.811962192,25.868998879411432,37.39926153558339,73.00071952195367,73.83526594624725,98.0,98.0,0.4,0.5402500000000003,238.82444581977393,4.06107402101719,0.715414895378303,0.05855653496022595,0.03982305231146693,0.49301521671751525,0.91794,0.4945732077623091,7644000.0,7644000.0,104711.29668387998
ug-moroto,Moroto District (Karamoja),Uganda,baseline,22008.526571904127,57.18290881945107,259.8216133762004,0.0,0.0,93.34536735288293,49.96483535873541,0.4,3.1429044437798255,79.06236651097868,30.775205272892457,8.783779980155764,0.6268917989524802,0.4129201362946292,0.2640305798974269,0.3137109260366958,1.1705453698165211,0.0,0.0,
ug-moroto,Moroto District (Karamoja),Uganda,scenario_a,22008.592279242388,56.2555829188798,255.60736554667238,0.9273259005712688,1.6219773923988843,93.36538123208325,50.18212927847052,0.4,3.149024823161324,79.0625003284292,30.910995941542527,8.476258261283153,0.604944619520958,0.4122290664173041,0.2654217484766209,0.3126908628064461,1.1756456859677697,587250.0,587250.0,633272.5093068479
ug-moroto,Moroto District (Karamoja),Uganda,scenario_b,22024.4428227922,47.89441002781733,217.460257284027,9.288498791633742,16.304015490365547,98.0,62.34153821873706,0.4,3.41564572850982,79.06298854858264,23.162829944007246,6.611075381685051,0.47182851066441733,0.31916149349294304,0.30858120121296057,0.2682540452483634,1.3978297737581833,1134000.0,1134000.0,122086.46687034151
ug-moroto,Moroto District (Karamoja),Uganda,scenario_c,22022.59717832307,48.23228500855771,219.0127014448275,8.950623810893362,15.706511633535628,97.4478387008489,52.36775864972893,0.4,3.2070414285235844,79.06320276313248,31.560791790237847,6.098783769151606,0.43526845221694127,0.4261475810675278,0.23747541601080313,0.3030214285794026,1.223992857102987,384750.0,384750.0,42985.83072296478
ug-moroto,Moroto District (Karamoja),Uganda,scenario_d,22024.4428227922,29.460514112110335,133.762812295178,27.722394707340737,48.51744219542643,98.0,68.1456206560586,0.4,0.650966054138133,79.06298854858265,21.278686592345352,3.906337700577108,0.278802629515413,0.22410397224037504,0.14749069156278063,0.6675273243103113,1.092263378448444,2106000.0,2106000.0,75967.46320917012
