territory_id,avg_distance_to_emonc_km,avg_travel_time_hours,road_quality_index,transport_cost_usd
ke-garissa,2.514995058110399,0.12574975290551982,0.51875,17.3
ke-turkana,43.69243996297903,1.3130079504872905,0.35,23.4
ke-kilifi,13.22309097212595,0.6357662712155459,0.7725,8.2
ke-kisumu,2.3284085488180133,0.0838441347777372,0.81875,6.5
ke-kakamega,13.978556838760127,0.611204135430544,0.79,7.6
tz-mwanza,3.6936034993359432,0.16794534596474975,0.72,10.1
tz-kigoma,2.459373958487185,0.10278796040178104,0.575,15.3
tz-dodoma,10.307719317840712,0.5018994242500544,0.8125,6.8
tz-arusha,4.6727261508764375,0.19645140384197696,0.69375,11.0
tz-morogoro,2.984439508791061,0.13708431021239473,0.65,12.6
ug-gulu,1.8228959643646445,0.06253200845519169,0.78125,7.9
ug-arua,0.9325913167482697,0.032606620921408605,0.6875,11.2
ug-moroto,1.0723650028306848,0.03908346541911437,0.44999999999999996,19.8
ug-jinja,1.5948211659824743,0.07542745770217583,0.85625,5.2
ug-mbarara,0.9630124924118124,0.037878873267171854,0.85,5.4
gh-northern,7.925952009422679,0.3363275267682793,0.825,6.3
gh-upper-east,142.18511124720067,4.955583800318613,0.775,8.1
gh-volta,10.10656340991234,0.2632253944973933,0.85,5.4
gh-ashanti,3.5372811500198535,0.11457533820765277,0.91875,2.9
gh-accra,3.641043562443432,0.12162492330488614,0.935,2.3
et-somali,43.85399940673593,1.7071238287964372,0.4,21.6
et-afar,174.47066836979337,5.228273592748402,0.30000000000000004,25.2
et-oromia,70.03254012267391,1.8309286906351363,0.775,8.1
et-amhara,2.607415203979381,0.07589379946779583,0.725,9.9
et-tigray,96.5021677649367,2.735163791260586,0.7,10.8
