territory_id,skilled_staff_per_10k,blood_availability,essential_drugs_availability,health_facilities_count,staff_247_availability_rate
ke-garissa,1.1,0.14,0.71,50,0.46
ke-turkana,0.8,0.14,0.71,50,0.46
ke-kilifi,1.6,0.14,0.71,50,0.46
ke-kisumu,2.3,0.14,0.71,50,0.46
ke-kakamega,1.8,0.14,0.71,50,0.46
tz-mwanza,1.5,0.05,0.79,50,0.3
tz-kigoma,1.0,0.05,0.79,50,0.3
tz-dodoma,2.1,0.05,0.79,50,0.3
tz-arusha,1.9,0.05,0.79,50,0.3
tz-morogoro,1.4,0.05,0.79,50,0.3
ug-gulu,2.0,0.15,0.73,50,0.55
ug-arua,1.3,0.15,0.73,50,0.55
ug-moroto,0.9,0.15,0.73,50,0.55
ug-jinja,2.6,0.15,0.73,50,0.55
ug-mbarara,2.7,0.15,0.73,50,0.55
gh-northern,2.4,0.15,0.92,50,0.52
gh-upper-east,2.1,0.15,0.92,50,0.52
gh-volta,2.8,0.15,0.92,50,0.52
gh-ashanti,3.8,0.15,0.92,50,0.52
gh-accra,4.2,0.15,0.92,50,0.52
et-somali,0.9,0.1,0.91,50,0.85
et-afar,0.7,0.1,0.91,50,0.85
et-oromia,1.9,0.1,0.91,50,0.85
et-amhara,1.7,0.1,0.91,50,0.85
et-tigray,1.4,0.1,0.91,50,0.85
