territory_id,country,quintile,label,population_share,unweighted_n,weighted_denominator,anc1_rate,anc4_rate,institutional_delivery_rate,source_type,source_file,derivation_method
ke-garissa,Kenya,q1_poorest,Q1 poorest,0.224301,6390,3883.896500,0.9381043217,0.4645195207,0.6270341521,EMPIRICAL_DHS_STRATIFIED,data/dhs/KEIR8CFL.DTA,"district input rate x (DHS country quintile rate / DHS country overall rate), weighted with v005"
ke-garissa,Kenya,q2_poor,Q2 poorer,0.179752,3297,3112.505054,0.9641536147,0.5150882934,0.8369048133,EMPIRICAL_DHS_STRATIFIED,data/dhs/KEIR8CFL.DTA,"district input rate x (DHS country quintile rate / DHS country overall rate), weighted with v005"
ke-garissa,Kenya,q3_middle,Q3 middle,0.176227,3356,3051.462731,0.9694556559,0.5637120197,0.8922768208,EMPIRICAL_DHS_STRATIFIED,data/dhs/KEIR8CFL.DTA,"district input rate x (DHS country quintile rate / DHS country overall rate), weighted with v005"
ke-garissa,Kenya,q4_richer,Q4 richer,0.203150,3636,3517.649010,0.9710112203,0.5981346019,0.9211205011,EMPIRICAL_DHS_STRATIFIED,data/dhs/KEIR8CFL.DTA,"district input rate x (DHS country quintile rate / DHS country overall rate), weighted with v005"
ke-garissa,Kenya,q5_richest,Q5 richest,0.216569,2706,3750.004917,0.9815072973,0.7108791328,0.9372121714,EMPIRICAL_DHS_STRATIFIED,data/dhs/KEIR8CFL.DTA,"district input rate x (DHS country quintile rate / DHS country overall rate), weighted with v005"
ke-turkana,Kenya,q1_poorest,Q1 poorest,0.224301,6390,3883.896500,0.9314657997,0.4151535937,0.5967981591,EMPIRICAL_DHS_STRATIFIED,data/dhs/KEIR8CFL.DTA,"district input rate x (DHS country quintile rate / DHS country overall rate), weighted with v005"
ke-turkana,Kenya,q2_poor,Q2 poorer,0.179752,3297,3112.505054,0.9573307541,0.4603482664,0.7965487211,EMPIRICAL_DHS_STRATIFIED,data/dhs/KEIR8CFL.DTA,"district input rate x (DHS country quintile rate / DHS country overall rate), weighted with v005"
ke-turkana,Kenya,q3_middle,Q3 middle,0.176227,3356,3051.462731,0.9625952753,0.5038045988,0.8492506545,EMPIRICAL_DHS_STRATIFIED,data/dhs/KEIR8CFL.DTA,"district input rate x (DHS country quintile rate / DHS country overall rate), weighted with v005"
ke-turkana,Kenya,q4_richer,Q4 richer,0.203150,3636,3517.649010,0.9641398317,0.5345689866,0.8767034739,EMPIRICAL_DHS_STRATIFIED,data/dhs/KEIR8CFL.DTA,"district input rate x (DHS country quintile rate / DHS country overall rate), weighted with v005"
ke-turkana,Kenya,q5_richest,Q5 richest,0.216569,2706,3750.004917,0.9745616329,0.6353318073,0.8920191934,EMPIRICAL_DHS_STRATIFIED,data/dhs/KEIR8CFL.DTA,"district input rate x (DHS country quintile rate / DHS country overall rate), weighted with v005"
ke-kilifi,Kenya,q1_poorest,Q1 poorest,0.224301,6390,3883.896500,0.9589628373,0.5654993018,0.6705976060,EMPIRICAL_DHS_STRATIFIED,data/dhs/KEIR8CFL.DTA,"district input rate x (DHS country quintile rate / DHS country overall rate), weighted with v005"
ke-kilifi,Kenya,q2_poor,Q2 poorer,0.179752,3297,3112.505054,0.9855913297,0.6270609894,0.8950491172,EMPIRICAL_DHS_STRATIFIED,data/dhs/KEIR8CFL.DTA,"district input rate x (DHS country quintile rate / DHS country overall rate), weighted with v005"
ke-kilifi,Kenya,q3_middle,Q3 middle,0.176227,3356,3051.462731,0.9910112605,0.6862548059,0.9542681175,EMPIRICAL_DHS_STRATIFIED,data/dhs/KEIR8CFL.DTA,"district input rate x (DHS country quintile rate / DHS country overall rate), weighted with v005"
ke-kilifi,Kenya,q4_richer,Q4 richer,0.203150,3636,3517.649010,0.9926014125,0.7281603563,0.9851157244,EMPIRICAL_DHS_STRATIFIED,data/dhs/KEIR8CFL.DTA,"district input rate x (DHS country quintile rate / DHS country overall rate), weighted with v005"
ke-kilifi,Kenya,q5_richest,Q5 richest,0.216569,2706,3750.004917,1.0000000000,0.8654139068,1.0000000000,EMPIRICAL_DHS_STRATIFIED,data/dhs/KEIR8CFL.DTA,"district input rate x (DHS country quintile rate / DHS country overall rate), weighted with v005"
ke-kisumu,Kenya,q1_poorest,Q1 poorest,0.224301,6390,3883.896500,0.9648362729,0.6328806651,0.6934371175,EMPIRICAL_DHS_STRATIFIED,data/dhs/KEIR8CFL.DTA,"district input rate x (DHS country quintile rate / DHS country overall rate), weighted with v005"
ke-kisumu,Kenya,q2_poor,Q2 poorer,0.179752,3297,3112.505054,0.9916278590,0.7017776588,0.9255330980,EMPIRICAL_DHS_STRATIFIED,data/dhs/KEIR8CFL.DTA,"district input rate x (DHS country quintile rate / DHS country overall rate), weighted with v005"
ke-kisumu,Kenya,q3_middle,Q3 middle,0.176227,3356,3051.462731,0.9970809857,0.7680246405,0.9867690054,EMPIRICAL_DHS_STRATIFIED,data/dhs/KEIR8CFL.DTA,"district input rate x (DHS country quintile rate / DHS country overall rate), weighted with v005"
ke-kisumu,Kenya,q4_richer,Q4 richer,0.203150,3636,3517.649010,0.9986808770,0.8149233945,1.0000000000,EMPIRICAL_DHS_STRATIFIED,data/dhs/KEIR8CFL.DTA,"district input rate x (DHS country quintile rate / DHS country overall rate), weighted with v005"
ke-kisumu,Kenya,q5_richest,Q5 richest,0.216569,2706,3750.004917,1.0000000000,0.9685312205,1.0000000000,EMPIRICAL_DHS_STRATIFIED,data/dhs/KEIR8CFL.DTA,"district input rate x (DHS country quintile rate / DHS country overall rate), weighted with v005"
ke-kakamega,Kenya,q1_poorest,Q1 poorest,0.224301,6390,3883.896500,0.9614094735,0.5882265454,0.6793768025,EMPIRICAL_DHS_STRATIFIED,data/dhs/KEIR8CFL.DTA,"district input rate x (DHS country quintile rate / DHS country overall rate), weighted with v005"
ke-kakamega,Kenya,q2_poor,Q2 poorer,0.179752,3297,3112.505054,0.9881059042,0.6522623785,0.9067667433,EMPIRICAL_DHS_STRATIFIED,data/dhs/KEIR8CFL.DTA,"district input rate x (DHS country quintile rate / DHS country overall rate), weighted with v005"
ke-kakamega,Kenya,q3_middle,Q3 middle,0.176227,3356,3051.462731,0.9935396630,0.7138351762,0.9667610152,EMPIRICAL_DHS_STRATIFIED,data/dhs/KEIR8CFL.DTA,"district input rate x (DHS country quintile rate / DHS country overall rate), weighted with v005"
ke-kakamega,Kenya,q4_richer,Q4 richer,0.203150,3636,3517.649010,0.9951338720,0.7574248979,0.9980124666,EMPIRICAL_DHS_STRATIFIED,data/dhs/KEIR8CFL.DTA,"district input rate x (DHS country quintile rate / DHS country overall rate), weighted with v005"
ke-kakamega,Kenya,q5_richest,Q5 richest,0.216569,2706,3750.004917,1.0000000000,0.9001946266,1.0000000000,EMPIRICAL_DHS_STRATIFIED,data/dhs/KEIR8CFL.DTA,"district input rate x (DHS country quintile rate / DHS country overall rate), weighted with v005"
tz-mwanza,Tanzania,q1_poorest,Q1 poorest,0.226891,2277,2451.733076,0.8528730837,0.4960387206,0.6352240863,EMPIRICAL_DHS_STRATIFIED,data/dhs/TZIR82FL.DTA,"district input rate x (DHS country quintile rate / DHS country overall rate), weighted with v005"
tz-mwanza,Tanzania,q2_poor,Q2 poorer,0.200637,2115,2168.039750,0.8764243275,0.5712848448,0.7674531552,EMPIRICAL_DHS_STRATIFIED,data/dhs/TZIR82FL.DTA,"district input rate x (DHS country quintile rate / DHS country overall rate), weighted with v005"
tz-mwanza,Tanzania,q3_middle,Q3 middle,0.189833,2201,2051.290188,0.8977962966,0.6174870097,0.8385194824,EMPIRICAL_DHS_STRATIFIED,data/dhs/TZIR82FL.DTA,"district input rate x (DHS country quintile rate / DHS country overall rate), weighted with v005"
tz-mwanza,Tanzania,q4_richer,Q4 richer,0.200980,2140,2171.735826,0.9130883999,0.7187546648,0.9087758070,EMPIRICAL_DHS_STRATIFIED,data/dhs/TZIR82FL.DTA,"district input rate x (DHS country quintile rate / DHS country overall rate), weighted with v005"
tz-mwanza,Tanzania,q5_richest,Q5 richest,0.181659,1975,1962.958427,0.9284726228,0.8108281717,0.9881916971,EMPIRICAL_DHS_STRATIFIED,data/dhs/TZIR82FL.DTA,"district input rate x (DHS country quintile rate / DHS country overall rate), weighted with v005"
tz-kigoma,Tanzania,q1_poorest,Q1 poorest,0.226891,2277,2451.733076,0.8044969971,0.4232958019,0.5456899178,EMPIRICAL_DHS_STRATIFIED,data/dhs/TZIR82FL.DTA,"district input rate x (DHS country quintile rate / DHS country overall rate), weighted with v005"
tz-kigoma,Tanzania,q2_poor,Q2 poorer,0.200637,2115,2168.039750,0.8267123834,0.4875072579,0.6592814382,EMPIRICAL_DHS_STRATIFIED,data/dhs/TZIR82FL.DTA,"district input rate x (DHS country quintile rate / DHS country overall rate), weighted with v005"
tz-kigoma,Tanzania,q3_middle,Q3 middle,0.189833,2201,2051.290188,0.8468721061,0.5269339833,0.7203310411,EMPIRICAL_DHS_STRATIFIED,data/dhs/TZIR82FL.DTA,"district input rate x (DHS country quintile rate / DHS country overall rate), weighted with v005"
tz-kigoma,Tanzania,q4_richer,Q4 richer,0.200980,2140,2171.735826,0.8612968211,0.6133509735,0.7806848105,EMPIRICAL_DHS_STRATIFIED,data/dhs/TZIR82FL.DTA,"district input rate x (DHS country quintile rate / DHS country overall rate), weighted with v005"
tz-kigoma,Tanzania,q5_richest,Q5 richest,0.181659,1975,1962.958427,0.8758084307,0.6919221158,0.8489071143,EMPIRICAL_DHS_STRATIFIED,data/dhs/TZIR82FL.DTA,"district input rate x (DHS country quintile rate / DHS country overall rate), weighted with v005"
tz-dodoma,Tanzania,q1_poorest,Q1 poorest,0.226891,2277,2451.733076,0.8949158768,0.5771545980,0.6726323970,EMPIRICAL_DHS_STRATIFIED,data/dhs/TZIR82FL.DTA,"district input rate x (DHS country quintile rate / DHS country overall rate), weighted with v005"
tz-dodoma,Tanzania,q2_poor,Q2 poorer,0.200637,2115,2168.039750,0.9196280906,0.6647055185,0.8126484284,EMPIRICAL_DHS_STRATIFIED,data/dhs/TZIR82FL.DTA,"district input rate x (DHS country quintile rate / DHS country overall rate), weighted with v005"
tz-dodoma,Tanzania,q3_middle,Q3 middle,0.189833,2201,2051.290188,0.9420536013,0.7184629990,0.8878998476,EMPIRICAL_DHS_STRATIFIED,data/dhs/TZIR82FL.DTA,"district input rate x (DHS country quintile rate / DHS country overall rate), weighted with v005"
tz-dodoma,Tanzania,q4_richer,Q4 richer,0.200980,2140,2171.735826,0.9580995363,0.8362906813,0.9622935632,EMPIRICAL_DHS_STRATIFIED,data/dhs/TZIR82FL.DTA,"district input rate x (DHS country quintile rate / DHS country overall rate), weighted with v005"
tz-dodoma,Tanzania,q5_richest,Q5 richest,0.181659,1975,1962.958427,0.9742421320,0.9434207211,1.0000000000,EMPIRICAL_DHS_STRATIFIED,data/dhs/TZIR82FL.DTA,"district input rate x (DHS country quintile rate / DHS country overall rate), weighted with v005"
tz-arusha,Tanzania,q1_poorest,Q1 poorest,0.226891,2277,2451.733076,0.8724457563,0.5429006460,0.6474063542,EMPIRICAL_DHS_STRATIFIED,data/dhs/TZIR82FL.DTA,"district input rate x (DHS country quintile rate / DHS country overall rate), weighted with v005"
tz-arusha,Tanzania,q2_poor,Q2 poorer,0.200637,2115,2168.039750,0.8965374801,0.6252554456,0.7821712998,EMPIRICAL_DHS_STRATIFIED,data/dhs/TZIR82FL.DTA,"district input rate x (DHS country quintile rate / DHS country overall rate), weighted with v005"
tz-arusha,Tanzania,q3_middle,Q3 middle,0.189833,2201,2051.290188,0.9183999167,0.6758224359,0.8546005303,EMPIRICAL_DHS_STRATIFIED,data/dhs/TZIR82FL.DTA,"district input rate x (DHS country quintile rate / DHS country overall rate), weighted with v005"
tz-arusha,Tanzania,q4_richer,Q4 richer,0.200980,2140,2171.735826,0.9340429600,0.7866570806,0.9262042241,EMPIRICAL_DHS_STRATIFIED,data/dhs/TZIR82FL.DTA,"district input rate x (DHS country quintile rate / DHS country overall rate), weighted with v005"
tz-arusha,Tanzania,q5_richest,Q5 richest,0.181659,1975,1962.958427,0.9497802371,0.8874289847,1.0000000000,EMPIRICAL_DHS_STRATIFIED,data/dhs/TZIR82FL.DTA,"district input rate x (DHS country quintile rate / DHS country overall rate), weighted with v005"
tz-morogoro,Tanzania,q1_poorest,Q1 poorest,0.226891,2277,2451.733076,0.8621238079,0.5088771211,0.6199628433,EMPIRICAL_DHS_STRATIFIED,data/dhs/TZIR82FL.DTA,"district input rate x (DHS country quintile rate / DHS country overall rate), weighted with v005"
tz-morogoro,Tanzania,q2_poor,Q2 poorer,0.200637,2115,2168.039750,0.8859305013,0.5860707544,0.7490151121,EMPIRICAL_DHS_STRATIFIED,data/dhs/TZIR82FL.DTA,"district input rate x (DHS country quintile rate / DHS country overall rate), weighted with v005"
tz-morogoro,Tanzania,q3_middle,Q3 middle,0.189833,2201,2051.290188,0.9075342824,0.6334687168,0.8183740725,EMPIRICAL_DHS_STRATIFIED,data/dhs/TZIR82FL.DTA,"district input rate x (DHS country quintile rate / DHS country overall rate), weighted with v005"
tz-morogoro,Tanzania,q4_richer,Q4 richer,0.200980,2140,2171.735826,0.9229922521,0.7373573663,0.8869424907,EMPIRICAL_DHS_STRATIFIED,data/dhs/TZIR82FL.DTA,"district input rate x (DHS country quintile rate / DHS country overall rate), weighted with v005"
tz-morogoro,Tanzania,q5_richest,Q5 richest,0.181659,1975,1962.958427,0.9385433407,0.8318139060,0.9644504160,EMPIRICAL_DHS_STRATIFIED,data/dhs/TZIR82FL.DTA,"district input rate x (DHS country quintile rate / DHS country overall rate), weighted with v005"
ug-gulu,Uganda,q1_poorest,Q1 lowest,0.225444,4133,3423.470086,0.9761537396,0.5245405716,0.6722369056,EMPIRICAL_DHS_STRATIFIED,data/dhs/UGIR7BFL.DTA,"district input rate x (DHS country quintile rate / DHS country overall rate), weighted with v005"
ug-gulu,Uganda,q2_poor,Q2 second,0.209854,3369,3186.729654,0.9829813953,0.5593253666,0.6555451311,EMPIRICAL_DHS_STRATIFIED,data/dhs/UGIR7BFL.DTA,"district input rate x (DHS country quintile rate / DHS country overall rate), weighted with v005"
ug-gulu,Uganda,q3_middle,Q3 middle,0.193403,2958,2936.918656,0.9908647616,0.5770755720,0.7335497818,EMPIRICAL_DHS_STRATIFIED,data/dhs/UGIR7BFL.DTA,"district input rate x (DHS country quintile rate / DHS country overall rate), weighted with v005"
ug-gulu,Uganda,q4_richer,Q4 fourth,0.179146,2594,2720.409092,0.9803350124,0.6153965853,0.8192735367,EMPIRICAL_DHS_STRATIFIED,data/dhs/UGIR7BFL.DTA,"district input rate x (DHS country quintile rate / DHS country overall rate), weighted with v005"
ug-gulu,Uganda,q5_richest,Q5 highest,0.192154,2388,2917.942345,0.9893836762,0.6566639702,0.9528398777,EMPIRICAL_DHS_STRATIFIED,data/dhs/UGIR7BFL.DTA,"district input rate x (DHS country quintile rate / DHS country overall rate), weighted with v005"
ug-arua,Uganda,q1_poorest,Q1 lowest,0.225444,4133,3423.470086,0.9657706061,0.4525874863,0.5819786302,EMPIRICAL_DHS_STRATIFIED,data/dhs/UGIR7BFL.DTA,"district input rate x (DHS country quintile rate / DHS country overall rate), weighted with v005"
ug-arua,Uganda,q2_poor,Q2 second,0.209854,3369,3186.729654,0.9725256375,0.4826007280,0.5675279865,EMPIRICAL_DHS_STRATIFIED,data/dhs/UGIR7BFL.DTA,"district input rate x (DHS country quintile rate / DHS country overall rate), weighted with v005"
ug-arua,Uganda,q3_middle,Q3 middle,0.193403,2958,2936.918656,0.9803251501,0.4979160749,0.6350592978,EMPIRICAL_DHS_STRATIFIED,data/dhs/UGIR7BFL.DTA,"district input rate x (DHS country quintile rate / DHS country overall rate), weighted with v005"
ug-arua,Uganda,q4_richer,Q4 fourth,0.179146,2594,2720.409092,0.9699074036,0.5309804593,0.7092733034,EMPIRICAL_DHS_STRATIFIED,data/dhs/UGIR7BFL.DTA,"district input rate x (DHS country quintile rate / DHS country overall rate), weighted with v005"
ug-arua,Uganda,q5_richest,Q5 highest,0.192154,2388,2917.942345,0.9788598188,0.5665870511,0.8249062827,EMPIRICAL_DHS_STRATIFIED,data/dhs/UGIR7BFL.DTA,"district input rate x (DHS country quintile rate / DHS country overall rate), weighted with v005"
ug-moroto,Uganda,q1_poorest,Q1 lowest,0.225444,4133,3423.470086,0.9291144509,0.3008866651,0.4400204677,EMPIRICAL_DHS_STRATIFIED,data/dhs/UGIR7BFL.DTA,"district input rate x (DHS country quintile rate / DHS country overall rate), weighted with v005"
ug-moroto,Uganda,q2_poor,Q2 second,0.209854,3369,3186.729654,0.9356130928,0.3208398994,0.4290946730,EMPIRICAL_DHS_STRATIFIED,data/dhs/UGIR7BFL.DTA,"district input rate x (DHS country quintile rate / DHS country overall rate), weighted with v005"
ug-moroto,Uganda,q3_middle,Q3 middle,0.193403,2958,2936.918656,0.9431165723,0.3310217622,0.4801535223,EMPIRICAL_DHS_STRATIFIED,data/dhs/UGIR7BFL.DTA,"district input rate x (DHS country quintile rate / DHS country overall rate), weighted with v005"
ug-moroto,Uganda,q4_richer,Q4 fourth,0.179146,2594,2720.409092,0.9330942349,0.3530034401,0.5362650009,EMPIRICAL_DHS_STRATIFIED,data/dhs/UGIR7BFL.DTA,"district input rate x (DHS country quintile rate / DHS country overall rate), weighted with v005"
ug-moroto,Uganda,q5_richest,Q5 highest,0.192154,2388,2917.942345,0.9417068581,0.3766752140,0.6236923994,EMPIRICAL_DHS_STRATIFIED,data/dhs/UGIR7BFL.DTA,"district input rate x (DHS country quintile rate / DHS country overall rate), weighted with v005"
ug-jinja,Uganda,q1_poorest,Q1 lowest,0.225444,4133,3423.470086,0.9820243850,0.6289652534,0.7204320083,EMPIRICAL_DHS_STRATIFIED,data/dhs/UGIR7BFL.DTA,"district input rate x (DHS country quintile rate / DHS country overall rate), weighted with v005"
ug-jinja,Uganda,q2_poor,Q2 second,0.209854,3369,3186.729654,0.9888931026,0.6706749487,0.7025435400,EMPIRICAL_DHS_STRATIFIED,data/dhs/UGIR7BFL.DTA,"district input rate x (DHS country quintile rate / DHS country overall rate), weighted with v005"
ug-jinja,Uganda,q3_middle,Q3 middle,0.193403,2958,2936.918656,0.9968238800,0.6919588360,0.7861406271,EMPIRICAL_DHS_STRATIFIED,data/dhs/UGIR7BFL.DTA,"district input rate x (DHS country quintile rate / DHS country overall rate), weighted with v005"
ug-jinja,Uganda,q4_richer,Q4 fourth,0.179146,2594,2720.409092,0.9862308043,0.7379087342,0.8780102289,EMPIRICAL_DHS_STRATIFIED,data/dhs/UGIR7BFL.DTA,"district input rate x (DHS country quintile rate / DHS country overall rate), weighted with v005"
ug-jinja,Uganda,q5_richest,Q5 highest,0.192154,2388,2917.942345,0.9953338873,0.7873915628,1.0000000000,EMPIRICAL_DHS_STRATIFIED,data/dhs/UGIR7BFL.DTA,"district input rate x (DHS country quintile rate / DHS country overall rate), weighted with v005"
ug-mbarara,Uganda,q1_poorest,Q1 lowest,0.225444,4133,3423.470086,0.9838265378,0.6411537352,0.7363112355,EMPIRICAL_DHS_STRATIFIED,data/dhs/UGIR7BFL.DTA,"district input rate x (DHS country quintile rate / DHS country overall rate), weighted with v005"
ug-mbarara,Uganda,q2_poor,Q2 second,0.209854,3369,3186.729654,0.9907078605,0.6836717071,0.7180284828,EMPIRICAL_DHS_STRATIFIED,data/dhs/UGIR7BFL.DTA,"district input rate x (DHS country quintile rate / DHS country overall rate), weighted with v005"
ug-mbarara,Uganda,q3_middle,Q3 middle,0.193403,2958,2936.918656,0.9986531919,0.7053680469,0.8034681549,EMPIRICAL_DHS_STRATIFIED,data/dhs/UGIR7BFL.DTA,"district input rate x (DHS country quintile rate / DHS country overall rate), weighted with v005"
ug-mbarara,Uganda,q4_richer,Q4 fourth,0.179146,2594,2720.409092,0.9880406764,0.7522083909,0.8973626782,EMPIRICAL_DHS_STRATIFIED,data/dhs/UGIR7BFL.DTA,"district input rate x (DHS country quintile rate / DHS country overall rate), weighted with v005"
ug-mbarara,Uganda,q5_richest,Q5 highest,0.192154,2388,2917.942345,0.9971604649,0.8026501287,1.0000000000,EMPIRICAL_DHS_STRATIFIED,data/dhs/UGIR7BFL.DTA,"district input rate x (DHS country quintile rate / DHS country overall rate), weighted with v005"
gh-northern,Ghana,q1_poorest,Q1 poorest,0.236719,3034,2019.966200,0.9323794553,0.7091731379,0.6045495268,EMPIRICAL_DHS_STRATIFIED,data/dhs/GHIR8CFL.DTA,"district input rate x (DHS country quintile rate / DHS country overall rate), weighted with v005"
gh-northern,Ghana,q2_poor,Q2 poorer,0.204503,2237,1745.066031,0.9618430370,0.8001851882,0.7131587286,EMPIRICAL_DHS_STRATIFIED,data/dhs/GHIR8CFL.DTA,"district input rate x (DHS country quintile rate / DHS country overall rate), weighted with v005"
gh-northern,Ghana,q3_middle,Q3 middle,0.195251,1668,1666.118258,0.9582984521,0.7794109806,0.7540294524,EMPIRICAL_DHS_STRATIFIED,data/dhs/GHIR8CFL.DTA,"district input rate x (DHS country quintile rate / DHS country overall rate), weighted with v005"
gh-northern,Ghana,q4_richer,Q4 richer,0.190025,1332,1621.517755,0.9676535880,0.8435339113,0.8066028213,EMPIRICAL_DHS_STRATIFIED,data/dhs/GHIR8CFL.DTA,"district input rate x (DHS country quintile rate / DHS country overall rate), weighted with v005"
gh-northern,Ghana,q5_richest,Q5 richest,0.173502,1019,1480.524031,0.9753226721,0.8761257242,0.8205715685,EMPIRICAL_DHS_STRATIFIED,data/dhs/GHIR8CFL.DTA,"district input rate x (DHS country quintile rate / DHS country overall rate), weighted with v005"
gh-upper-east,Ghana,q1_poorest,Q1 poorest,0.236719,3034,2019.966200,0.9218208069,0.6679216058,0.5791636767,EMPIRICAL_DHS_STRATIFIED,data/dhs/GHIR8CFL.DTA,"district input rate x (DHS country quintile rate / DHS country overall rate), weighted with v005"
gh-upper-east,Ghana,q2_poor,Q2 poorer,0.204503,2237,1745.066031,0.9509507309,0.7536396223,0.6832122316,EMPIRICAL_DHS_STRATIFIED,data/dhs/GHIR8CFL.DTA,"district input rate x (DHS country quintile rate / DHS country overall rate), weighted with v005"
gh-upper-east,Ghana,q3_middle,Q3 middle,0.195251,1668,1666.118258,0.9474462863,0.7340738191,0.7223667386,EMPIRICAL_DHS_STRATIFIED,data/dhs/GHIR8CFL.DTA,"district input rate x (DHS country quintile rate / DHS country overall rate), weighted with v005"
gh-upper-east,Ghana,q4_richer,Q4 richer,0.190025,1332,1621.517755,0.9566954808,0.7944668155,0.7727324808,EMPIRICAL_DHS_STRATIFIED,data/dhs/GHIR8CFL.DTA,"district input rate x (DHS country quintile rate / DHS country overall rate), weighted with v005"
gh-upper-east,Ghana,q5_richest,Q5 richest,0.173502,1019,1480.524031,0.9642777171,0.8251628119,0.7861146615,EMPIRICAL_DHS_STRATIFIED,data/dhs/GHIR8CFL.DTA,"district input rate x (DHS country quintile rate / DHS country overall rate), weighted with v005"
gh-volta,Ghana,q1_poorest,Q1 poorest,0.236719,3034,2019.966200,0.9463046746,0.7478723420,0.6640832490,EMPIRICAL_DHS_STRATIFIED,data/dhs/GHIR8CFL.DTA,"district input rate x (DHS country quintile rate / DHS country overall rate), weighted with v005"
gh-volta,Ghana,q2_poor,Q2 poorer,0.204503,2237,1745.066031,0.9762082991,0.8438508718,0.7833878690,EMPIRICAL_DHS_STRATIFIED,data/dhs/GHIR8CFL.DTA,"district input rate x (DHS country quintile rate / DHS country overall rate), weighted with v005"
gh-volta,Ghana,q3_middle,Q3 middle,0.195251,1668,1666.118258,0.9726107753,0.8219430267,0.8282833852,EMPIRICAL_DHS_STRATIFIED,data/dhs/GHIR8CFL.DTA,"district input rate x (DHS country quintile rate / DHS country overall rate), weighted with v005"
gh-volta,Ghana,q4_richer,Q4 richer,0.190025,1332,1621.517755,0.9821056314,0.8895651119,0.8860339780,EMPIRICAL_DHS_STRATIFIED,data/dhs/GHIR8CFL.DTA,"district input rate x (DHS country quintile rate / DHS country overall rate), weighted with v005"
gh-volta,Ghana,q5_richest,Q5 richest,0.173502,1019,1480.524031,0.9898892545,0.9239354429,0.9013783140,EMPIRICAL_DHS_STRATIFIED,data/dhs/GHIR8CFL.DTA,"district input rate x (DHS country quintile rate / DHS country overall rate), weighted with v005"
gh-ashanti,Ghana,q1_poorest,Q1 poorest,0.236719,3034,2019.966200,0.9600580282,0.7987695421,0.7283397115,EMPIRICAL_DHS_STRATIFIED,data/dhs/GHIR8CFL.DTA,"district input rate x (DHS country quintile rate / DHS country overall rate), weighted with v005"
gh-ashanti,Ghana,q2_poor,Q2 poorer,0.204503,2237,1745.066031,0.9903962644,0.9012799868,0.8591882047,EMPIRICAL_DHS_STRATIFIED,data/dhs/GHIR8CFL.DTA,"district input rate x (DHS country quintile rate / DHS country overall rate), weighted with v005"
gh-ashanti,Ghana,q3_middle,Q3 middle,0.195251,1668,1666.118258,0.9867464551,0.8778811813,0.9084277953,EMPIRICAL_DHS_STRATIFIED,data/dhs/GHIR8CFL.DTA,"district input rate x (DHS country quintile rate / DHS country overall rate), weighted with v005"
gh-ashanti,Ghana,q4_richer,Q4 richer,0.190025,1332,1621.517755,0.9963793072,0.9501053551,0.9717663153,EMPIRICAL_DHS_STRATIFIED,data/dhs/GHIR8CFL.DTA,"district input rate x (DHS country quintile rate / DHS country overall rate), weighted with v005"
gh-ashanti,Ghana,q5_richest,Q5 richest,0.173502,1019,1480.524031,1.0000000000,0.9868147934,0.9885953639,EMPIRICAL_DHS_STRATIFIED,data/dhs/GHIR8CFL.DTA,"district input rate x (DHS country quintile rate / DHS country overall rate), weighted with v005"
gh-accra,Ghana,q1_poorest,Q1 poorest,0.236719,3034,2019.966200,0.9634698849,0.8185060681,0.7498675904,EMPIRICAL_DHS_STRATIFIED,data/dhs/GHIR8CFL.DTA,"district input rate x (DHS country quintile rate / DHS country overall rate), weighted with v005"
gh-accra,Ghana,q2_poor,Q2 poorer,0.204503,2237,1745.066031,0.9939159372,0.9235494086,0.8845836341,EMPIRICAL_DHS_STRATIFIED,data/dhs/GHIR8CFL.DTA,"district input rate x (DHS country quintile rate / DHS country overall rate), weighted with v005"
gh-accra,Ghana,q3_middle,Q3 middle,0.195251,1668,1666.118258,0.9902531572,0.8995724500,0.9352786224,EMPIRICAL_DHS_STRATIFIED,data/dhs/GHIR8CFL.DTA,"district input rate x (DHS country quintile rate / DHS country overall rate), weighted with v005"
gh-accra,Ghana,q4_richer,Q4 richer,0.190025,1332,1621.517755,0.9999202425,0.9735811864,1.0000000000,EMPIRICAL_DHS_STRATIFIED,data/dhs/GHIR8CFL.DTA,"district input rate x (DHS country quintile rate / DHS country overall rate), weighted with v005"
gh-accra,Ghana,q5_richest,Q5 richest,0.173502,1019,1480.524031,1.0000000000,1.0000000000,1.0000000000,EMPIRICAL_DHS_STRATIFIED,data/dhs/GHIR8CFL.DTA,"district input rate x (DHS country quintile rate / DHS country overall rate), weighted with v005"
et-somali,Ethiopia,q1_poorest,Q1 poorest,0.237024,5032,3069.824850,0.4093997164,0.1718385141,0.1841514410,EMPIRICAL_DHS_STRATIFIED,data/dhs/ETIR8AFL.dta,"district input rate x (DHS country quintile rate / DHS country overall rate), weighted with v005"
et-somali,Ethiopia,q2_poor,Q2 poorer,0.192149,2474,2488.630185,0.5617066755,0.2876539437,0.3221267725,EMPIRICAL_DHS_STRATIFIED,data/dhs/ETIR8AFL.dta,"district input rate x (DHS country quintile rate / DHS country overall rate), weighted with v005"
et-somali,Ethiopia,q3_middle,Q3 middle,0.183349,1843,2374.650848,0.6013607416,0.3595419262,0.3980550227,EMPIRICAL_DHS_STRATIFIED,data/dhs/ETIR8AFL.dta,"district input rate x (DHS country quintile rate / DHS country overall rate), weighted with v005"
et-somali,Ethiopia,q4_richer,Q4 richer,0.196910,1750,2550.294660,0.6647488224,0.4511084357,0.5510088346,EMPIRICAL_DHS_STRATIFIED,data/dhs/ETIR8AFL.dta,"district input rate x (DHS country quintile rate / DHS country overall rate), weighted with v005"
et-somali,Ethiopia,q5_richest,Q5 richest,0.190569,2361,2468.160738,0.7178910818,0.5856879056,0.6631987158,EMPIRICAL_DHS_STRATIFIED,data/dhs/ETIR8AFL.dta,"district input rate x (DHS country quintile rate / DHS country overall rate), weighted with v005"
et-afar,Ethiopia,q1_poorest,Q1 poorest,0.237024,5032,3069.824850,0.3854618334,0.1577796706,0.1717439538,EMPIRICAL_DHS_STRATIFIED,data/dhs/ETIR8AFL.dta,"district input rate x (DHS country quintile rate / DHS country overall rate), weighted with v005"
et-afar,Ethiopia,q2_poor,Q2 poorer,0.192149,2474,2488.630185,0.5288632999,0.2641197447,0.3004229846,EMPIRICAL_DHS_STRATIFIED,data/dhs/ETIR8AFL.dta,"district input rate x (DHS country quintile rate / DHS country overall rate), weighted with v005"
et-afar,Ethiopia,q3_middle,Q3 middle,0.183349,1843,2374.650848,0.5661987654,0.3301262640,0.3712354519,EMPIRICAL_DHS_STRATIFIED,data/dhs/ETIR8AFL.dta,"district input rate x (DHS country quintile rate / DHS country overall rate), weighted with v005"
et-afar,Ethiopia,q4_richer,Q4 richer,0.196910,1750,2550.294660,0.6258805015,0.4142013259,0.5138837649,EMPIRICAL_DHS_STRATIFIED,data/dhs/ETIR8AFL.dta,"district input rate x (DHS country quintile rate / DHS country overall rate), weighted with v005"
et-afar,Ethiopia,q5_richest,Q5 richest,0.190569,2361,2468.160738,0.6759154966,0.5377702740,0.6185146800,EMPIRICAL_DHS_STRATIFIED,data/dhs/ETIR8AFL.dta,"district input rate x (DHS country quintile rate / DHS country overall rate), weighted with v005"
et-oromia,Ethiopia,q1_poorest,Q1 poorest,0.237024,5032,3069.824850,0.6187945908,0.2938632334,0.3134441937,EMPIRICAL_DHS_STRATIFIED,data/dhs/ETIR8AFL.dta,"district input rate x (DHS country quintile rate / DHS country overall rate), weighted with v005"
et-oromia,Ethiopia,q2_poor,Q2 poorer,0.192149,2474,2488.630185,0.8490016932,0.4919206759,0.5482920249,EMPIRICAL_DHS_STRATIFIED,data/dhs/ETIR8AFL.dta,"district input rate x (DHS country quintile rate / DHS country overall rate), weighted with v005"
et-oromia,Ethiopia,q3_middle,Q3 middle,0.183349,1843,2374.650848,0.9089375470,0.6148572311,0.6775295102,EMPIRICAL_DHS_STRATIFIED,data/dhs/ETIR8AFL.dta,"district input rate x (DHS country quintile rate / DHS country overall rate), weighted with v005"
et-oromia,Ethiopia,q4_richer,Q4 richer,0.196910,1750,2550.294660,1.0000000000,0.7714462862,0.9378722150,EMPIRICAL_DHS_STRATIFIED,data/dhs/ETIR8AFL.dta,"district input rate x (DHS country quintile rate / DHS country overall rate), weighted with v005"
et-oromia,Ethiopia,q5_richest,Q5 richest,0.190569,2361,2468.160738,1.0000000000,1.0000000000,1.0000000000,EMPIRICAL_DHS_STRATIFIED,data/dhs/ETIR8AFL.dta,"district input rate x (DHS country quintile rate / DHS country overall rate), weighted with v005"
et-amhara,Ethiopia,q1_poorest,Q1 poorest,0.237024,5032,3069.824850,0.6061153020,0.2785735044,0.3000021789,EMPIRICAL_DHS_STRATIFIED,data/dhs/ETIR8AFL.dta,"district input rate x (DHS country quintile rate / DHS country overall rate), weighted with v005"
et-amhara,Ethiopia,q2_poor,Q2 poorer,0.192149,2474,2488.630185,0.8316053911,0.4663260013,0.5247785903,EMPIRICAL_DHS_STRATIFIED,data/dhs/ETIR8AFL.dta,"district input rate x (DHS country quintile rate / DHS country overall rate), weighted with v005"
et-amhara,Ethiopia,q3_middle,Q3 middle,0.183349,1843,2374.650848,0.8903131411,0.5828661571,0.6484737423,EMPIRICAL_DHS_STRATIFIED,data/dhs/ETIR8AFL.dta,"district input rate x (DHS country quintile rate / DHS country overall rate), weighted with v005"
et-amhara,Ethiopia,q4_richer,Q4 richer,0.196910,1750,2550.294660,0.9841590432,0.7313078703,0.8976516829,EMPIRICAL_DHS_STRATIFIED,data/dhs/ETIR8AFL.dta,"district input rate x (DHS country quintile rate / DHS country overall rate), weighted with v005"
et-amhara,Ethiopia,q5_richest,Q5 richest,0.190569,2361,2468.160738,1.0000000000,0.9494794179,1.0000000000,EMPIRICAL_DHS_STRATIFIED,data/dhs/ETIR8AFL.dta,"district input rate x (DHS country quintile rate / DHS country overall rate), weighted with v005"
et-tigray,Ethiopia,q1_poorest,Q1 poorest,0.237024,5032,3069.824850,0.5773495588,0.2511097871,0.2739847601,EMPIRICAL_DHS_STRATIFIED,data/dhs/ETIR8AFL.dta,"district input rate x (DHS country quintile rate / DHS country overall rate), weighted with v005"
et-tigray,Ethiopia,q2_poor,Q2 poorer,0.192149,2474,2488.630185,0.7921380703,0.4203523345,0.4792676398,EMPIRICAL_DHS_STRATIFIED,data/dhs/ETIR8AFL.dta,"district input rate x (DHS country quintile rate / DHS country overall rate), weighted with v005"
et-tigray,Ethiopia,q3_middle,Q3 middle,0.183349,1843,2374.650848,0.8480595978,0.5254031496,0.5922354411,EMPIRICAL_DHS_STRATIFIED,data/dhs/ETIR8AFL.dta,"district input rate x (DHS country quintile rate / DHS country overall rate), weighted with v005"
et-tigray,Ethiopia,q4_richer,Q4 richer,0.196910,1750,2550.294660,0.9374516492,0.6592104443,0.8198036493,EMPIRICAL_DHS_STRATIFIED,data/dhs/ETIR8AFL.dta,"district input rate x (DHS country quintile rate / DHS country overall rate), weighted with v005"
et-tigray,Ethiopia,q5_richest,Q5 richest,0.190569,2361,2468.160738,1.0000000000,0.8558731204,0.9867223415,EMPIRICAL_DHS_STRATIFIED,data/dhs/ETIR8AFL.dta,"district input rate x (DHS country quintile rate / DHS country overall rate), weighted with v005"
